agency, firename, lat, lon, startdate, hectares, stage_of_control, timezone, response_type
nb, 63424, 46.309, -66.718, 2024-04-27 16:55:19, 0.1, UC, ADT, FUL
ak, Icy Bay, 59.9695, -141.665, 2024-05-04 00:00:00, 91.66, Unstaffed/Uncontaine
ak, Delta Bison Range RX, 63.8954, -145.312, 2024-04-26 00:00:00, 337.1, Pre
ab, HWF-015-2024, 58.48, -114.519, 2024-04-20 21:09:00, 0, UC, MDT, FUL
pc, 2024WB4, 60.162, -112.697, 2024-04-26 00:51:41, 0.1, UC, MDT, MOD
pc, 2024WB2, 58.81, -113.236, 2024-04-23 23:18:20, 50, UC, MDT, FUL
nt, SS010-24, 60.954, -112.39, 2024-05-24 18:22:00, 28, OC, MDT, MOD
bc, G70449, 55.491, -127.806, 2024-06-08 22:48:00, 0, OC, PDT, FUL
nt, ZF006-24, 62.595, -119.058, 2024-05-31 21:49:00, 145, OC, MDT, MON
ab, MWF-010-2024, 57.488, -113.499, 2024-04-21 20:00:00, 7976, UC, MDT, FUL
pc, 2024WB13, 59.964, -113.774, 2024-05-25 03:44:50, 567, BH, MDT, FUL
yt, 2024BC003, 62.505, -139.498, 2024-06-07 00:02:00, 11134, OC, MST, MON
yt, 2024BC004, 62.413, -140.016, 2024-06-10 20:59:00, 1, OC, MST, MON
ab, HWF-025-2024, 58.689, -118.661, 2024-04-29 22:05:00, 0, UC, MDT, FUL
bc, K70302, 50.891, -122.669, 2024-05-13 00:45:00, 205, UC, PDT, FUL
pc, 2024WB9, 58.857, -113.149, 2024-05-10 21:39:02, 5, UC, MDT, MOD
bc, G30263, 53.554, -120.647, 2024-05-10 23:22:00, 173.7, UC, PDT, FUL
bc, G80162, 56.179, -121.988, 2024-04-24 01:49:00, 1, UC, PDT, FUL
pc, 2024WB11, 60.076, -112.888, 2024-05-23 01:19:33, 1.2, UC, MDT, FUL
bc, G90267, 58.869, -122.976, 2024-05-10 23:54:00, 12348, UC, PDT, FUL
conus, 2023 Chilcoot UNF - ORUPF, 43.4297, -122.736, , 785.7, 96% contained, GMT
on, COC_FIRE_009, 50.21, -79.61, 2024-06-02 19:58:00, 6022, OC, GMT, MON
nt, EV001-24, 66.026, -132.116, 2024-06-17 17:01:00, 50, OC, MDT, MON
ab, HWF-028-2024, 58.529, -115.156, 2024-05-05 01:26:00, 0, UC, MDT, FUL
ak, Trout Creek Oil Shale, 65.0973, -141.639, 2024-05-15 00:00:00, 0.4, Unstaffed/Uncontaine
yt, 2024DA002, 63.178, -139.902, 2024-06-05 22:53:00, 2274.4, OC, MST, MON
nt, SS015-24, 60.081, -117.185, 2024-06-01 21:57:00, 0.2, UC, MDT, FUL
yt, 2024DA015, 64.393, -139.663, 2024-06-20 22:05:00, 203, OC, MST, MON
yt, 2024DA012, 64.523, -140.217, 2024-06-20 02:03:00, 200, OC, MST, MON
yt, 2024DA011, 64.386, -140.849, 2024-06-20 01:57:00, 219, OC, MST, MOD
nt, SS019-24, 61.43, -118.752, 2024-06-22 01:35:00, 7, OC, MDT, MON
yt, 2024DA007, 63.329, -139.372, 2024-06-18 22:49:00, 550, OC, MST, MOD
ak, Tututalak, 67.9158, -162.113, 2024-06-13 00:00:00, 3453.38, Unstaffed/Uncontaine
ak, Urgoon, 67.8023, -162.371, 2024-06-13 00:00:00, 2461.54, Unstaffed/Uncontaine
ak, Goldbug, 65.73, -162.48, 2024-06-12 00:00:00, 3091.43, Unstaffed/Uncontaine
yt, 2024DA022, 65.615, -136.892, 2024-06-25 18:50:00, 5, OC, MST, MON
mb, NO010, 57.115, -99.98, 2024-06-25 05:00:00, 5, OC, CDT, MON
yt, 2024DA021, 64.503, -139.871, 2024-06-25 18:19:00, 12, OC, MST, MON
nt, SS007-24, 60.585, -116.902, 2024-05-12 22:21:00, 18, OC, MDT, MON
yt, 2024DA020, 63.53, -137.899, 2024-06-25 05:03:00, 0.1, OC, MST, MON
yt, 2024BC006, 62.809, -138.473, 2024-06-28 04:10:00, 0.1, OC, MST, MON
yt, 2024DA030, 64.978, -140.585, 2024-06-28 04:54:00, 155, OC, MST, MON
yt, 2024DA031, 65.333, -139.477, 2024-06-28 05:31:00, 50, OC, MST, MON
yt, 2024DA028, 63.504, -137.949, 2024-06-28 03:11:00, 1, OC, MST, MON
yt, 2024DA033, 63.118, -140.135, 2024-06-28 05:59:00, 200, OC, MST, MON
yt, 2024DA032, 65.348, -137.617, 2024-06-28 05:47:00, 465, OC, MST, MON
ak, Sutter, 64.9033, -142.106, 2024-06-16 00:00:00, 11.21, Unstaffed/Uncontaine
bc, K70591, 50.814, -121.851, 2024-06-24 21:11:00, 151, UC, PDT, FUL
ak, Lower Meadow Creek, 63.4687, -154.79, 2024-06-17 00:00:00, 2465.3, Unstaffed/Uncontaine
ak, Wolf, 64.7502, -141.402, 2024-06-25 00:00:00, 0.12, Unstaffed/Contained
ak, Clear, 64.5741, -147.594, 2024-06-21 00:00:00, 9473.59, Unstaffed/Uncontaine
yt, 2024BC001, 62.353, -140.324, 2024-06-06 16:38:00, 6802, OC, MST, MON
ab, HWF-048-2024, 59.37, -114.11, 2024-06-27 00:40:00, 0.5, BH, MDT, FUL
conus, Gold Creek - WANES, 48.2036, -120.126, 2024-06-22 20:46:53, 112.59, 100% contained, GMT
ak, Quinn Creek, 61.93, -158.77, 2024-06-26 00:00:00, 1244.37, Unstaffed/Uncontaine
yt, 2024DA003, 63.311, -139.929, 2024-06-09 19:57:00, 504.6, OC, MST, MON
on, COC_FIRE_015, 54.831, -85.836, 2024-06-28 21:43:00, 120, OC, GMT, MON
on, COC_FIRE_014, 54.792, -85.696, 2024-06-28 21:32:00, 20, OC, GMT, MON
on, COC_FIRE_013, 54.798, -85.159, 2024-06-28 21:08:00, 0.2, OC, GMT, MON
yt, 2024WL006, 60.489, -124.924, 2024-06-20 00:56:00, 52, OC, MST, MON
ak, Eightmile Creek, 61.8074, -157.591, 2024-06-17 00:00:00, 1772.4, Unstaffed/Uncontaine
yt, 2024DA027, 64.34, -140.183, 2024-06-28 00:40:00, 58, OC, MST, MON
yt, 2024DA018, 65.796, -136.54, 2024-06-21 21:44:00, 8385, OC, MST, MON
yt, 2024MA020, 63.854, -132.311, 2024-06-29 19:13:00, 500, OC, MST, MON
nt, FS014-24, 62.98, -120.966, 2024-06-30 15:14:00, 2, OC, MDT, MON
yt, 2024DA035, 62.852, -138.499, 2024-07-01 00:24:00, 1408, OC, MST, MON
nt, ZF012-24, 63.496, -114.448, 2024-06-30 22:58:00, 0.5, OC, MDT, MON
nt, FS015-24, 60.14, -123.91, 2024-07-01 00:34:00, 2, OC, MDT, MON
nt, FS016-24, 62.401, -122.082, 2024-07-01 03:30:00, 0.5, OC, MDT, MON
nt, ZF010-24, 62.305, -114.268, 2024-06-29 22:40:00, 0.5, OC, MDT, FUL
yt, 2024MA011, 64.128, -135.934, 2024-06-26 23:04:00, 2003, OC, MST, MON
ab, PWF-043-2024, 56.42, -116.109, 2024-06-30 21:31:00, 3.2, UC, MDT, FUL
yt, 2024BC008, 62.041, -139.677, 2024-06-30 18:16:00, 0, OC, MST, NOR
nt, VQ001-24, 66.283, -128.58, 2024-06-15 15:30:00, 8226, OC, MDT, FUL
nt, FS017-24, 61.861, -120.616, 2024-07-01 02:00:00, 15, OC, MDT, MON
bc, G90649, 58.925, -121.717, 2024-07-01 22:19:00, 0, UC, PDT, FUL
nt, FS018-24, 61.93, -120.367, 2024-07-01 21:00:00, 20, OC, MDT, MON
qc, 211, 50.233, -67.153, 2024-06-20 06:00:00, 2150.9, UC, EDT, FUL
ab, PWF-047-2024, 57.027, -118.394, 2024-07-01 02:48:00, 0, UC, MDT, FUL
qc, 226, 50.512, -66.222, 2024-06-22 21:15:00, 17.2, UC, EDT, FUL
nt, ZF020-24, 63.771, -112.813, 2024-07-01 22:17:00, 5, OC, MDT, MON
nt, ZF019-24, 63.988, -114.864, 2024-07-01 22:15:00, 4, OC, MDT, MON
nt, ZF018-24, 64.431, -117.774, 2024-07-01 16:40:00, 10, OC, MDT, MON
nt, ZF017-24, 62.625, -103.899, 2024-07-01 21:50:00, 8, OC, MDT, MON
nt, ZF016-24, 63.982, -114.604, 2024-07-01 21:03:00, 22, OC, MDT, MON
yt, 2024MA023, 63.992, -137.058, 2024-07-02 23:46:00, 1.6, OC, MST, MON
ak, American Creek, 58.8992, -155.518, 2024-06-16 00:00:00, 1881.99, Unstaffed/Uncontaine
ak, Sushana River, 63.901, -149.784, 2024-06-27 00:00:00, 487.04, Unstaffed/Uncontaine
ak, Lost Chicken Hill, 63.4338, -142.331, 2024-06-27 00:00:00, 449.93, Unstaffed/Uncontaine
mb, NO017, 57.357, -101.328, 2024-07-02 05:00:00, 4, OC, CDT, MON
yt, 2024XY008, 61.499, -135.193, 2024-06-20 06:00:00, 2946, OC, MST, MON
bc, G90690, 59.358, -121.14, 2024-07-05 00:56:00, 0.1, OC, PDT, MOD
sk, 24LA-GEIKIE, 57.695, -103.888, 2024-07-04 18:00:42, 120, OC, CST, MOD
yt, 2024DA034, 64.419, -140.608, 2024-06-30 01:31:00, 52, OC, MST, MOD
ak, South Fork George River, 61.9371, -157.423, 2024-06-17 00:00:00, 3000.74, Unstaffed/Uncontaine
ak, Crazy, 65.8114, -145.608, 2024-06-17 00:00:00, 159.04, Unstaffed/Uncontaine
bc, G80270, 58.233, -121.7, 2024-05-10 20:41:00, 25488.5, OC, PDT, MOD
ak, Honker Lake, 55.899, -132.931, 2024-07-02 00:00:00, 0.04, Unstaffed/Uncontaine
ak, West Fork River, 63.6958, -142.446, 2024-06-26 00:00:00, 22.82, Unstaffed/Uncontaine
yt, 2024RR002, 61.984, -131.543, 2024-06-20 02:08:00, 600, OC, MST, MON
yt, 2024MA003, 63.336, -135.443, 2024-06-19 21:47:00, 62, OC, MST, MON
yt, 2024MA009, 63.103, -132.721, 2024-06-22 00:42:00, 4, OC, MST, MON
yt, 2024CA009, 62.129, -136.26, 2024-06-27 00:00:00, 0.1, BH, MST, MOD
yt, 2024WL003, 60.306, -125.291, 2024-05-12 17:17:00, 344.8, OC, MST, MON
ab, LWF-101-2024, 56.069, -110.373, 2024-07-02 19:33:00, 8.3, UC, MDT, FUL
yt, 2024CA012, 62.82, -137.664, 2024-06-27 23:28:00, 0, OC, MST, MON
yt, 2024CA007, 62.587, -135.068, 2024-06-21 02:37:00, 3, OC, MST, MON
nt, ZF013-24, 63.837, -111.933, 2024-06-30 23:23:00, 0.5, OC, MDT, MON
nt, SS023-24, 60.005, -118.398, 2024-06-01 22:46:00, 80, OC, MDT, MON
nt, SS021-24, 60.472, -112.113, 2024-06-29 21:32:00, 2.5, UC, MDT, FUL
yt, 2024MA004, 63.788, -136.191, 2024-06-19 22:21:00, 210, UC, MST, FUL
nt, ZF014-24, 64.851, -119.341, 2024-06-30 23:36:00, 700, OC, MDT, MON
on, COC_FIRE_011, 50.45, -81.558, 2024-06-24 21:04:00, 3000, OC, GMT, MON
yt, 2024RR003, 62.508, -131.276, 2024-06-22 00:19:00, 600, OC, MST, MON
yt, 2024RR001, 62.059, -131.778, 2024-06-08 23:49:00, 2174, OC, MST, MON
yt, 2024RR004, 62.715, -132.495, 2024-06-30 19:55:00, 0.2, OC, MST, MON
yt, 2024CA006, 62.907, -135.838, 2024-06-20 22:31:00, 233, OC, MST, MON
sk, 24LA-POOLE, 55.925, -104.504, 2024-07-06 21:05:03, 20, OC, CST, MOD
ab, MWF-045-2024, 57.844, -112.644, 2024-07-02 22:11:00, 2300, BH, MDT, FUL
nt, FS027-24, 62.083, -120.22, 2024-07-02 21:44:00, 15, OC, MDT, MON
nt, FS024-24, 61.221, -119.606, 2024-07-03 22:31:00, 214.3, OC, MDT, MON
pc, 2024WB21, 58.164, -113.748, 2024-07-06 02:13:16, 17.5, OC, MDT, MON
mb, NO023, 57.897, -100.088, 2024-07-06 05:00:00, 100, OC, CDT, MON
yt, 2024OC002, 66.244, -136.873, 2024-06-27 16:00:00, 40, OC, MST, MON
yt, 2024OC001, 66.004, -139.216, 2024-06-25 18:30:00, 30, OC, MST, MON
pc, 2024WB20, 58.367, -112.561, 2024-07-03 00:20:20, 4, OC, MDT, MON
yt, 2024MA008, 63.21, -136.801, 2024-06-20 22:10:00, 66.5, OC, MST, MON
yt, 2024MA010, 63.211, -137.629, 2024-06-23 19:54:00, 360, OC, MST, MON
yt, 2024MA018, 65.067, -133.818, 2024-06-29 01:33:00, 2100, OC, MST, MON
yt, 2024BC007, 62.041, -139.677, 2024-07-01 00:08:00, 100, OC, MST, MON
yt, 2024BC005, 62.696, -139.733, 2024-06-27 02:29:00, 364, OC, MST, MON
yt, 2024WL008, 61.685, -129.717, 2024-06-29 23:45:00, 491, OC, MST, MON
yt, 2024XY010, 60.925, -134.054, 2024-06-28 19:10:00, 4900, OC, MST, MOD
mb, NO019, 58.222, -100.091, 2024-07-03 05:00:00, 700, OC, CDT, MON
ak, East Toklat, 63.88, -150.04, 2024-06-26 00:00:00, 5025.66, Unstaffed/Uncontaine
ak, Bear Creek, 64.6914, -145.186, 2024-06-27 00:00:00, 29.54, Unstaffed/Uncontaine
yt, 2024WL010, 61.674, -128.372, 2024-07-01 23:41:00, 3, UC, MST, MON
yt, 2024RR009, 62.385, -129.867, 2024-07-07 22:38:00, 70, OC, MST, MON
qc, 239, 51.741, -62.859, 2024-06-20 01:00:00, 2608, OC, EDT, MON
sk, 24LA-YOUNG, 55.94, -104.629, 2024-07-07 20:39:58, 10, OC, CST, MOD
ak, Big Salmon Fork, 62.92, -153.9, 2024-06-25 00:00:00, 1267.96, Unstaffed/Uncontaine
yt, 2024MA016, 63.516, -135.008, 2024-06-28 02:44:00, 780, OC, MST, MON
yt, 2024TE004, 60.66, -132.063, 2024-07-02 01:20:00, 6700, OC, MST, MON
nt, ZF011-24, 62.921, -116.268, 2024-06-30 18:25:00, 230, UC, MDT, FUL
ak, Foraker, 63.2596, -151.812, 2024-06-21 00:00:00, 2376.72, Unstaffed/Uncontaine
mb, NO026, 57.891, -100.106, 2024-07-08 05:00:00, 5, OC, CDT, MON
bc, C10792, 52.87, -121.578, 2024-07-10 15:53:00, 40, OC, PDT, FUL
ab, MWF-064-2024, 58.785, -110.709, 2024-07-08 23:48:00, 3.9, BH, MDT, FUL
sk, 24LX-SELMES, 56.595, -106.503, 2024-07-09 20:58:21, 20, OC, CST, MOD
sk, 24LA-KNOBEL, 56.706, -104.58, 2024-07-08 20:10:41, 25, OC, CST, MOD
bc, G90730, 59.252, -122.389, 2024-07-07 18:19:00, 17, OC, PDT, FUL
ab, PWF-048-2024, 57.251, -117.738, 2024-07-01 23:12:00, 175, UC, MDT, FUL
nt, FS020-24, 60.546, -120.085, 2024-07-01 15:01:00, 14645.9, OC, MDT, MON
yt, 2024RR007, 62.111, -132.114, 2024-07-03 22:09:00, 20, OC, MST, MON
yt, 2024RR006, 62.771, -132.074, 2024-06-30 20:28:00, 0.1, OC, MST, MON
nt, SS024-24, 60.124, -118.594, 2024-06-28 16:22:00, 103.6, OC, MDT, MON
nt, SS008-24, 60.238, -118.13, 2024-05-23 23:24:00, 196.1, OC, MDT, MON
pc, 2024WB23, 59.605, -115.322, 2024-07-11 01:29:31, 5433, OC, MDT, MON
ak, Deception Pup, 65.5752, -144.903, 2024-06-25 00:00:00, 48.97, Unstaffed/Contained
conus, Billy Creek - IDIDS, 46.1222, -116.948, 2024-07-03 18:56:20, 1289.93, 74% contained, GMT
yt, 2024DA016, 63.12, -140.75, 2024-06-21 01:07:00, 130, OC, MST, MON
yt, 2024CA020, 61.566, -135.231, 2024-07-03 22:37:00, 100, OC, MST, MON
bc, V10841, 49.734, -121.218, 2024-07-11 00:42:00, 0, UC, PDT, FUL
sk, 24LA-CHEADLE, 56.707, -102.84, 2024-07-11 16:00:08, 8, OC, CST, MOD
on, COC_FIRE_016, 52.413, -82.859, 2024-07-11 16:28:00, 800, OC, GMT, MON
on, COC_FIRE_017, 52.476, -82.847, 2024-07-11 16:31:00, 850, OC, GMT, MON
nt, FS025-24, 60.183, -124.067, 2024-07-04 15:00:00, 1973.1, OC, MDT, MON
nt, SS030-24, 60.98, -109.838, 2024-07-10 21:52:00, 0.2, OC, MDT, MON
ab, MWF-056-2024, 57.755, -110.758, 2024-07-03 17:32:00, 400, BH, MDT, FUL
sk, 24LA-BLACKMAN, 56.465, -103.81, 2024-07-11 17:17:06, 7, OC, CST, MOD
bc, R80763, 53.892, -129.619, 2024-07-09 02:51:00, 113, OC, PDT, MON
nt, SS036-24, 60.86, -105.361, 2024-07-11 15:39:00, 1, OC, MDT, MON
nt, SS032-24, 61.232, -110.112, 2024-07-11 17:25:00, 0.5, OC, MDT, MON
nt, SS031-24, 61.069, -104.932, 2024-07-11 19:28:00, 50, OC, MDT, MON
ab, HWF-111-2024, 58.248, -117.804, 2024-07-07 01:30:00, 2.5, UC, MDT, FUL
bc, G90683, 59.365, -122.923, 2024-07-04 21:16:00, 87, OC, PDT, MOD
yt, 2024RR005, 62.77, -132.034, 2024-06-30 20:23:00, 3, OC, MST, MON
qc, 214, 50.558, -66.261, 2024-06-20 17:45:00, 12243.3, OC, EDT, MOD
bc, G90399, 59.436, -120.563, 2024-05-26 01:25:00, 16472, OC, PDT, MOD
on, COC_FIRE_019, 53.961, -85.254, 2024-07-11 18:51:00, 3000, OC, GMT, MON
on, COC_FIRE_018, 53.809, -84.319, 2024-07-11 18:47:00, 300, OC, GMT, MON
bc, G90686, 59.898, -121.855, 2024-07-04 23:23:00, 4276.5, OC, PDT, FUL
sk, 24LX-MUSKAK, 54.872, -106.777, 2024-07-07 18:30:15, 1000, OC, CST, FUL
qc, 328, 52.51, -70.514, 2024-07-08 17:33:00, 0, OC, EDT, MON
ak, Big Yetna River, 62.63, -158.74, 2024-06-18 00:00:00, 1728.81, Unstaffed/Uncontaine
on, NIP_FIRE_018, 52.44, -88.915, 2024-07-11 17:36:00, 10.6, OC, GMT, MON
ab, LWF-122-2024, 54.892, -110.646, 2024-07-12 01:39:00, 0.4, UC, MDT, FUL
ab, PWF-054-2024, 57.532, -118.339, 2024-07-11 02:08:00, 0, UC, MDT, FUL
on, COC_FIRE_020, 52.722, -84.845, 2024-07-11 18:54:00, 600, OC, GMT, MON
conus, Bear NV - NVHTF, 41.8867, -115.431, 2024-06-26 16:24:00, 15.39, 100% contained, GMT
nt, ZF023-24, 62.712, -119.418, 2024-07-01 22:47:00, 43, OC, MDT, MON
sk, 24LA-DAVIS, 55.924, -104.308, 2024-07-11 13:00:36, 3357, OC, CST, MOD
sk, 24LX-CANOE, 55.249, -108.023, 2024-07-10 17:54:03, 123, OC, CST, MOD
ab, MWF-068-2024, 57.498, -113.926, 2024-07-10 23:32:00, 100, BH, MDT, FUL
on, COC_FIRE_022, 51.819, -83.792, 2024-07-11 19:02:00, 200, OC, GMT, MON
bc, G90734, 59.594, -123.306, 2024-07-07 22:22:00, 8.5, UC, PDT, FUL
ab, MWF-065-2024, 56.351, -111.346, 2024-07-09 22:33:00, 6, UC, MDT, FUL
bc, G10784, 53.772, -121.265, 2024-07-10 07:51:00, 39, OC, PDT, FUL
bc, C10902, 52.87, -121.566, 2024-07-13 03:13:00, 13, OC, PDT, FUL
mb, WE022, 55.462, -101.309, 2024-07-07 05:00:00, 106.4, UC, CDT, FUL
ak, Riley, 63.7524, -148.915, 2024-06-30 00:00:00, 176.44, Staffed/Contained
ak, Mogul, 64.9186, -141.728, 2024-06-30 00:00:00, 108.46, Unstaffed/Uncontaine
ak, Alder, 64.4305, -141.77, 2024-06-26 00:00:00, 212.46, Unstaffed/Uncontaine
ab, MWF-061-2024, 57.765, -113.164, 2024-07-06 21:33:00, 40, BH, MDT, FUL
pc, 2024WB3, 59.212, -113.648, 2024-04-23 23:28:39, 32000, OC, MDT, MOD
yt, 2024CA015, 61.781, -135.232, 2024-06-30 00:24:00, 90, OC, MST, MON
ab, HWF-106-2024, 59.753, -117.19, 2024-07-06 15:07:00, 15.5, UC, MDT, FUL
bc, G10827, 53.729, -120.778, 2024-07-10 21:56:00, 35.5, OC, PDT, FUL
nt, SS037-24, 60.424, -116.873, 2024-07-13 23:35:00, 4, OC, MDT, FUL
nt, ZF024-24, 61.989, -113.345, 2024-07-13 14:47:00, 0.2, UC, MDT, FUL
ak, Globe, 65.32, -148.057, 2024-06-25 00:00:00, 9129.94, Unstaffed/Uncontaine
ak, Iver, 65.2015, -148.63, 2024-06-24 00:00:00, 9657.65, Unstaffed/Uncontaine
ak, Slate, 65.2238, -148.507, 2024-06-24 00:00:00, 10956.7, Unstaffed/Uncontaine
ak, Grizzly, 63.0297, -152.254, 2024-06-25 00:00:00, 13029.4, Unstaffed/Uncontaine
on, COC_FIRE_023, 52.743, -82.992, 2024-07-11 22:03:00, 2000, OC, GMT, MON
qc, 303, 51.446, -70.058, 2024-07-08 21:00:00, 2, OC, EDT, MON
ab, HWF-044-2024, 58.868, -116.573, 2024-06-23 22:31:00, 275, UC, MDT, FUL
bc, C10814, 52.947, -121.298, 2024-07-10 19:00:00, 11, OC, PDT, FUL
sk, 24LA-BLACK, 55.655, -105.759, 2024-07-03 23:20:07, 5, OC, CST, MOD
sk, 24LA-MCDOUGALL, 55.524, -105.757, 2024-07-10 19:22:07, 18, OC, CST, FUL
ab, PWF-057-2024, 56.867, -116.706, 2024-07-11 16:59:00, 2.5, UC, MDT, FUL
sk, 24BN-RAM, 55.627, -109.22, 2024-07-14 01:52:07, 0.1, OC, CST, MOD
bc, G30819, 53.698, -120.404, 2024-07-10 20:18:00, 1.2, UC, PDT, FUL
ab, HWF-124-2024, 58.07, -115.056, 2024-07-12 21:45:00, 20.6, UC, MDT, FUL
bc, G80549, 57.9, -121.383, 2024-06-21 16:46:00, 1835.3, UC, PDT, FUL
ab, LWF-124-2024, 56.268, -110.256, 2024-07-12 02:04:00, 0.6, UC, MDT, FUL
bc, N20773, 50.953, -116.879, 2024-07-09 21:24:00, 12, UC, PDT, FUL
yt, 2024MA006, 63.217, -136.567, 2024-06-20 02:28:00, 16918, BH, MST, MOD
bc, G80854, 57.534, -120.14, 2024-07-11 03:58:00, 2132.6, BH, PDT, FUL
bc, C10811, 52.911, -121.436, 2024-07-10 18:35:00, 4.8, BH, PDT, FUL
qc, 308, 52.552, -70.864, 2024-07-07 17:57:00, 0, OC, EDT, MON
ab, HWF-056-2024, 59.273, -115.649, 2024-06-30 00:03:00, 608.9, BH, MDT, FUL
bc, R50752, 54.803, -128.251, 2024-07-08 21:07:00, 219.3, BH, PDT, FUL
conus, North Creek - NVELD, 40.0653, -114.487, 2024-07-07 20:25:00, 445.5, 100% contained, GMT
yt, 2024MA024, 64.199, -137.214, 2024-07-03 01:42:00, 2, OC, MST, MON
sk, 24DB-JAYJAY, 54.577, -104.171, 2024-07-09 23:50:35, 305, OC, CST, FUL
ab, HWF-102-2024, 57.682, -114.879, 2024-07-05 01:21:00, 6958, BH, MDT, FUL
ab, SWF-098-2024, 56.871, -115.339, 2024-07-11 21:16:00, 80.4, UC, MDT, FUL
bc, G90713, 59.102, -122.305, 2024-07-06 21:14:00, 2, UC, PDT, MOD
yt, 2024CA011, 62.795, -137.685, 2024-06-27 23:22:00, 4123, OC, MST, MON
bc, G70772, 55.508, -120.24, 2024-07-09 20:45:00, 97, BH, PDT, FUL
ak, Midnight, 66.1294, -141.079, 2024-06-19 00:00:00, 21467.3, Unstaffed/Uncontaine
ak, Ikheenjik, 65.4147, -144.224, 2024-06-18 00:00:00, 18.21, Unstaffed/Uncontaine
ak, Snowy, 65.5395, -143.061, 2024-06-15 00:00:00, 161.87, Unstaffed/Uncontaine
on, COC_FIRE_021, 52.005, -83.483, 2024-07-11 19:00:00, 75, OC, GMT, MON
on, NIP_FIRE_019, 52.416, -85.882, 2024-07-12 18:12:00, 33, OC, GMT, MON
bc, G80262, 57.293, -121.563, 2024-05-10 20:24:00, 2601.1, UC, PDT, MOD
ab, HWF-104-2024, 59.678, -118.58, 2024-07-05 20:27:00, 0, UC, MDT, FUL
yt, 2024MA028, 64.148, -134.602, 2024-06-30 21:00:00, 0, OC, MST, MON
yt, 2024MA026, 63.779, -134.118, 2024-06-30 20:50:00, 2.5, OC, MST, MON
yt, 2024MA025, 63.535, -137.761, 2024-06-30 23:07:00, 0, OC, MST, MON
yt, 2024MA019, 64.044, -136.282, 2024-06-29 05:41:00, 0, OC, MST, MON
ab, HWF-100-2024, 58.669, -119.159, 2024-07-04 22:40:00, 606.3, UC, MDT, FUL
bc, G90851, 59.104, -127.757, 2024-07-11 03:42:00, 0, OC, PDT, MOD
bc, G90939, 59.221, -128.191, 2024-07-14 16:33:00, 0, OC, PDT, MOD
bc, G90765, 59.766, -123.989, 2024-07-09 03:58:00, 51, OC, PDT, MOD
bc, G90777, 59.946, -123.889, 2024-07-10 00:45:00, 123, OC, PDT, MOD
nt, ZF025-24, 62.596, -114.328, 2024-07-15 00:00:00, 0.5, OC, MDT, FUL
conus, Shoofly - WAOWF, 47.8767, -121.106, 2024-07-08 18:11:00, 42.12, 56% contained, GMT
conus, North - CANOD, 41.2614, -120.507, 2024-07-07 19:38:00, 1897.43, 100% contained, GMT
ak, Grapefruit Complex, 65.403, -148.176, 2024-06-28 00:00:00, 36021.4, Unstaffed/Uncontaine
bc, G70149, 55.642, -121.444, 2024-04-22 20:17:00, 0.2, UC, PDT, FUL
mb, NO029, 57.511, -101.403, 2024-07-11 05:00:00, 403, OC, CDT, MON
bc, G50497, 55.925, -126.418, 2024-06-14 21:58:00, 27.2, UC, PDT, FUL
bc, V70931, 49.131, -123.856, 2024-07-14 01:10:00, 1, UC, PDT, FUL
pc, 2024WB24, 58.82, -111.34, 2024-07-10 21:12:37, 9.5, UC, MDT, FUL
ab, LWF-139-2024, 55.835, -111.175, 2024-07-16 21:48:00, 0.1, OC, MDT, FUL
ab, LWF-143-2024, 55.814, -110.999, 2024-07-16 22:08:00, 0.4, OC, MDT, FUL
sk, 24LX-KEARNS, 57.793, -106.236, 2024-07-14 20:24:55, 1, OC, CST, MOD
sk, 24LA-MANSON, 56.241, -102.699, 2024-07-06 16:08:45, 1457, OC, CST, MOD
sk, 24LA-DEEP, 56.456, -102.951, 2024-07-15 00:30:48, 2, OC, CST, MOD
sk, 24LX-CARRAG, 54.967, -106.657, 2024-07-16 22:38:18, 2.5, OC, CST, FUL
nt, VQ006-24, 64.56, -121.785, 2024-07-13 00:30:00, 3, OC, MDT, MON
ab, SWF-076-2024, 57.226, -115.826, 2024-07-09 21:26:00, 44, UC, MDT, FUL
ab, LWF-161-2024, 55.129, -110.616, 2024-07-17 01:13:00, 0.6, BH, MDT, FUL
ab, LWF-160-2024, 55.122, -110.531, 2024-07-17 01:04:00, 0.2, BH, MDT, FUL
bc, C10840, 53.009, -121.232, 2024-07-11 00:14:00, 142, OC, PDT, FUL
nt, SS043-24, 60.034, -115.987, 2024-07-17 00:50:00, 1, OC, MDT, FUL
yt, 2024OC003, 66.142, -140.95, 2024-07-15 01:22:00, 6896, OC, MST, MON
ab, LWF-129-2024, 55.557, -112.552, 2024-07-13 22:10:00, 0.1, BH, MDT, FUL
yt, 2024MA030, 65.767, -133.798, 2024-07-09 21:02:00, 1, OC, MST, MON
yt, 2024RR008, 63.085, -131.656, 2024-07-07 00:55:00, 75, OC, MST, MON
ab, HWF-137-2024, 57.659, -115.029, 2024-07-16 22:25:00, 0.2, BH, MDT, FUL
ab, PWF-073-2024, 56.648, -119.623, 2024-07-16 20:38:00, 0, UC, MDT, FUL
ab, MWF-043-2024, 57.568, -111.822, 2024-07-02 20:54:00, 900, OC, MDT, FUL
mb, NO036, 57.447, -98.773, 2024-07-16 05:00:00, 30, OC, CDT, MON
bc, G90849, 59.706, -127.383, 2024-07-11 02:22:00, 5, BH, PDT, FUL
bc, G10869, 53.446, -121.23, 2024-07-11 21:54:00, 16, OC, PDT, FUL
bc, G61004, 55.184, -122.764, 2024-07-17 00:07:00, 0.1, UC, PDT, FUL
bc, G30801, 53.619, -120.325, 2024-07-10 17:44:00, 28, BH, PDT, FUL
nt, ZF027-24, 63.33, -117.36, 2024-07-17 19:32:00, 0.2, OC, MDT, FUL
nt, VQ007-24, 64.899, -125.423, 2024-07-17 02:00:00, 1, OC, MDT, MON
nt, SS045-24, 60.364, -118.959, 2024-07-16 23:14:00, 1, OC, MDT, MON
ab, LWF-140-2024, 55.8, -111.116, 2024-07-16 21:53:00, 0.5, BH, MDT, FUL
pc, 2024NA1, 61.601, -125.485, 2024-07-06 23:42:20, 60, OC, MDT, MON
ab, LWF-163-2024, 55.097, -110.53, 2024-07-17 17:49:00, 0.1, BH, MDT, FUL
sk, 24LA-WAKEFIELD, 57.429, -103.812, 2024-07-10 15:17:52, 30, OC, CST, MOD
sk, 24LX-CLAWR01, 55.038, -109.7, 2024-07-13 20:42:22, 2, OC, CST, MON
nt, ZF015-24, 64.946, -119.108, 2024-06-30 23:39:00, 44087.7, OC, MDT, MON
nt, SS048-24, 60.762, -117.877, 2024-07-17 20:00:00, 1, OC, MDT, MON
nt, SS039-24, 61.016, -110.588, 2024-07-15 21:38:00, 5, OC, MDT, MON
ak, Noodor, 65.8453, -147.589, 2024-06-20 00:00:00, 5634.83, Unstaffed/Uncontaine
ak, Fork, 64.6831, -146.276, 2024-06-30 00:00:00, 114.65, Unstaffed/Uncontaine
ak, Bearman, 66.7717, -146.421, 2024-06-26 00:00:00, 434.63, Unstaffed/Uncontaine
ak, American, 65.5339, -146.215, 2024-06-25 00:00:00, 843.77, Unstaffed/Uncontaine
bc, R90740, 59.836, -131.419, 2024-07-08 03:26:00, 355, UC, PDT, MOD
bc, R40993, 56.095, -127.919, 2024-07-16 20:49:00, 2, OC, PDT, MON
bc, G10848, 53.77, -120.755, 2024-07-11 02:19:00, 0.2, OC, PDT, MOD
bc, G10868, 53.427, -121.257, 2024-07-11 21:44:00, 37, OC, PDT, MOD
bc, G10885, 53.339, -121.253, 2024-07-12 19:00:00, 0, UC, PDT, MOD
bc, G10825, 53.857, -120.539, 2024-07-10 22:00:00, 0, OC, PDT, MOD
bc, G10843, 53.34, -121.242, 2024-07-11 01:08:00, 0.5, UC, PDT, MOD
bc, G10844, 53.342, -121.26, 2024-07-11 01:15:00, 0.2, UC, PDT, MOD
bc, G10847, 53.744, -120.735, 2024-07-11 02:15:00, 38, OC, PDT, MOD
ab, SWF-101-2024, 56.943, -115.541, 2024-07-11 22:04:00, 90, OC, MDT, FUL
ab, HWF-128-2024, 59.875, -117.313, 2024-07-14 22:10:00, 0.3, UC, MDT, FUL
bc, C10815, 52.961, -121.281, 2024-07-10 19:04:00, 22.7, OC, PDT, FUL
ab, LWF-158-2024, 54.795, -110.27, 2024-07-17 00:35:00, 0.3, BH, MDT, FUL
bc, G70972, 56.02, -122.544, 2024-07-15 22:39:00, 0.2, BH, PDT, FUL
bc, G11050, 53.944, -120.77, 2024-07-18 03:36:00, 50, OC, PDT, FUL
bc, G11051, 53.935, -120.722, 2024-07-18 03:38:00, 0.1, OC, PDT, FUL
qc, 296, 51.614, -70.011, 2024-07-08 21:00:00, 232.6, OC, EDT, MON
qc, 299, 51.891, -63.452, 2024-07-09 00:13:00, 958.3, OC, EDT, MON
qc, 304, 52.628, -72.362, 2024-07-07 23:02:00, 1219.4, OC, EDT, MON
qc, 314, 51.827, -77.894, 2024-07-10 17:00:00, 491.1, OC, EDT, MON
qc, 318, 52.772, -74.67, 2024-07-10 17:00:00, 3925.7, OC, EDT, MON
qc, 319, 52.588, -74.774, 2024-07-10 22:00:00, 516.4, OC, EDT, MON
ab, LWF-141-2024, 55.868, -110.921, 2024-07-16 22:03:00, 0.2, UC, MDT, FUL
ak, Salmon, 66.8992, -141.316, 2024-06-29 00:00:00, 2547.49, Unstaffed/Uncontaine
ab, EWF-069-2024, 53.073, -116.338, 2024-07-16 22:46:00, 0.3, UC, MDT, FUL
bc, C10875, 53.13, -121.157, 2024-07-12 01:46:00, 0.6, BH, PDT, MOD
ab, HWF-075-2024, 59.141, -119.948, 2024-07-02 16:23:00, 3, UC, MDT, FUL
bc, C10786, 53.129, -121.139, 2024-07-10 15:34:00, 56, BH, PDT, MOD
bc, C10795, 53.138, -121.594, 2024-07-10 16:07:00, 70, UC, PDT, FUL
bc, R50969, 54.713, -128.771, 2024-07-15 22:05:00, 8.2, UC, PDT, FUL
bc, G11029, 53.548, -120.923, 2024-07-17 23:46:00, 0.2, OC, PDT, FUL
bc, K40962, 50.891, -118.444, 2024-07-15 19:07:00, 4.2, UC, PDT, FUL
sk, 24DB-CAMPBELL, 55.462, -102.437, 2024-07-10 20:21:13, 20, OC, CST, MOD
sk, 24WY-ROCK, 54.622, -105.903, 2024-07-06 22:39:15, 143, UC, CST, FUL
qc, 280, 53.562, -73.023, 2024-07-09 13:00:00, 13561.5, OC, EDT, MON
qc, 310, 51.215, -75.227, 2024-07-08 20:00:00, 91.4, OC, EDT, MON
qc, 322, 51.874, -76.537, 2024-07-11 19:00:00, 4095.2, OC, EDT, MON
mb, NO011, 56.698, -93.764, 2024-06-27 05:00:00, 5464.3, UC, CDT, FUL
mb, NO030, 56.844, -93.084, 2024-07-12 05:00:00, 8, OC, CDT, MON
mb, NO044, 53.393, -95.813, 2024-07-17 05:00:00, 2.5, OC, CDT, MON
yt, 2024CA008, 62.583, -135.967, 2024-06-25 02:50:00, 724, OC, MST, MON
ab, HWF-096-2024, 58.523, -117.912, 2024-07-04 20:24:00, 8, UC, MDT, FUL
mb, NO035, 54.571, -95.309, 2024-07-16 05:00:00, 1, OC, CDT, MON
ab, PWF-056-2024, 56.365, -116.817, 2024-07-11 14:46:00, 15.2, UC, MDT, FUL
ab, LWF-144-2024, 55.198, -111.227, 2024-07-16 22:19:00, 0.3, OC, MDT, FUL
ab, LWF-145-2024, 55.275, -111.071, 2024-07-16 22:31:00, 0.3, OC, MDT, FUL
ab, PWF-050-2024, 57.078, -118.75, 2024-07-10 21:52:00, 21, UC, MDT, FUL
ab, HWF-053-2024, 58.858, -114.494, 2024-06-29 02:27:00, 709, OC, MDT, FUL
ab, LWF-162-2024, 56.021, -110.961, 2024-07-17 02:11:00, 0, BH, MDT, FUL
ab, HWF-133-2024, 57.444, -115.842, 2024-07-16 03:04:00, 336, OC, MDT, FUL
qc, 341, 52.332, -62.092, 2024-07-09 20:30:00, 953.7, OC, EDT, MON
bc, K51015, 49.715, -119.758, 2024-07-17 17:19:00, 6, UC, PDT, FUL
nt, ZF028-24, 63.21, -120.049, 2024-07-17 14:58:00, 812, OC, MDT, MON
nt, VQ008-24, 64.581, -120.318, 2024-07-18 00:12:00, 50, OC, MDT, MON
ab, SWF-092-2024, 57.3, -115.071, 2024-07-11 20:22:00, 2.6, OC, MDT, FUL
nt, SS040-24, 60.967, -113.7, 2024-07-15 22:32:00, 37, OC, MDT, FUL
bc, N51128, 50.216, -117.648, 2024-07-18 23:35:00, 0, OC, PDT, FUL
bc, N51133, 50.616, -117.539, 2024-07-18 23:56:00, 0.6, OC, PDT, FUL
bc, N51134, 50.449, -117.71, 2024-07-19 00:04:00, 0.1, OC, PDT, FUL
bc, N71148, 50.395, -117.03, 2024-07-19 01:53:00, 0, OC, PDT, FUL
bc, N71097, 50.236, -116.964, 2024-07-18 19:32:00, 0, UC, PDT, FUL
bc, N51151, 50.502, -117.708, 2024-07-19 02:28:00, 0, OC, PDT, FUL
bc, N51146, 50.093, -117.666, 2024-07-19 01:37:00, 0, OC, PDT, FUL
bc, N51157, 50.106, -117.858, 2024-07-19 04:08:00, 0.1, UC, PDT, FUL
ab, HWF-092-2024, 59.037, -117.018, 2024-07-04 00:17:00, 49.4, BH, MDT, FUL
yt, 2024MA027, 64.979, -133.76, 2024-06-30 21:30:00, 0, OC, MST, MON
yt, 2024MA029, 65.142, -134.242, 2024-06-30 21:40:00, 0, OC, MST, MOD
bc, C10933, 52.781, -123.36, 2024-07-14 02:04:00, 6.9, UC, PDT, FUL
qc, 326, 52.578, -63.317, 2024-07-09 19:40:00, 1931.6, OC, EDT, MON
qc, 332, 51.833, -63.265, 2024-07-09 19:40:00, 769.3, OC, EDT, MON
ab, HWF-121-2024, 57.435, -115.052, 2024-07-11 20:22:00, 6790, OC, MDT, FUL
ab, LWF-133-2024, 55.143, -110.183, 2024-07-13 22:31:00, 21, BH, MDT, FUL
ab, LWF-168-2024, 55.779, -111.212, 2024-07-18 21:54:00, 0.6, OC, MDT, FUL
ab, LWF-159-2024, 55.569, -110.164, 2024-07-17 00:38:00, 2000, OC, MDT, FUL
sk, 24LA-WATHA, 57.031, -103.829, 2024-07-16 20:03:46, 3, OC, CST, MOD
sk, 24LA-MCDONALD, 56.249, -104.663, 2024-07-09 21:30:24, 100, OC, CST, MOD
sk, 24BN-RAT, 55.596, -109.179, 2024-07-13 23:00:24, 0.5, OC, CST, FUL
bc, K21056, 51.947, -119.922, 2024-07-18 02:56:00, 58.5, OC, PDT, FUL
mb, NO039, 55.113, -95.585, 2024-07-17 05:00:00, 229, OC, CDT, MON
sk, 24LA-REDHEAD, 57.037, -103.291, 2024-07-18 22:58:58, 7, OC, CST, MOD
sk, 24LF-BRYCE, 54.198, -105.452, 2024-07-13 21:09:50, 9, OC, CST, FUL
ak, McDonald, 64.3648, -147.107, 2024-06-08 00:00:00, 61604.1, Staffed/Uncontained
ak, Wilber, 65.3966, -148.368, 2024-06-29 00:00:00, 176.56, Unstaffed/Uncontaine
ak, Eagle, 65.3296, -148.447, 2024-06-28 00:00:00, 2047.3, Unstaffed/Uncontaine
qc, 221, 50.204, -66.941, 2024-06-21 17:10:00, 1842.2, UC, EDT, FUL
qc, 230, 51.537, -64.318, 2024-06-24 00:32:00, 18014.4, OC, EDT, MON
qc, 250, 50.243, -79.053, 2024-07-07 20:00:00, 173.9, OC, EDT, MON
qc, 260, 51.503, -70.271, 2024-07-08 17:00:00, 4.4, OC, EDT, MON
qc, 261, 51.444, -70.058, 2024-07-08 17:55:00, 1, OC, EDT, MON
qc, 262, 50.968, -74.941, 2024-07-08 18:20:00, 9.3, OC, EDT, MOD
ab, LWF-130-2024, 55.028, -110.446, 2024-07-13 22:11:00, 0.2, UC, MDT, FUL
qc, 305, 52.612, -72.371, 2024-07-08 17:40:00, 30.3, OC, EDT, MON
bc, N51119, 50.649, -117.358, 2024-07-18 23:00:00, 1.1, OC, PDT, FUL
bc, N51074, 49.984, -117.354, 2024-07-18 17:18:00, 0, UC, PDT, FUL
bc, N51071, 49.706, -117.452, 2024-07-18 17:12:00, 0.1, UC, PDT, FUL
pc, 2024JA6, 53.099, -117.746, 2024-07-18 07:14:03, 1.5, OC, MDT, FUL
mb, NO041, 54.93, -93.945, 2024-07-17 05:00:00, 2.5, BH, CDT, FUL
ab, LWF-142-2024, 56.017, -110.95, 2024-07-16 22:07:00, 0.1, BH, MDT, FUL
bc, N51165, 49.988, -117.435, 2024-07-18 05:48:00, 0, OC, PDT, FUL
sk, 24LA-GREEN, 56.298, -103.908, 2024-07-19 21:49:41, 7, OC, CST, MOD
conus, Elk Creek - IDNCF, 46.723, -116.164, 2024-07-18 12:05:00, 0.81, 0% contained, GMT
qc, 370, 51.868, -62.952, 2024-07-08 23:45:00, 21.9, OC, EDT, MON
bc, N51221, 50.54, -117.829, 2024-07-19 23:05:00, 0.1, OC, PDT, FUL
bc, N51222, 50.048, -117.771, 2024-07-19 23:11:00, 0.6, OC, PDT, FUL
bc, N51226, 50, -117.49, 2024-07-19 23:24:00, 20, OC, PDT, MOD
yt, 2024DA040, 64.94, -140.929, 2024-07-19 23:12:00, 25, OC, MST, MON
bc, N40834, 52.011, -117.926, 2024-07-10 22:51:00, 10, BH, PDT, MOD
bc, N71232, 50.79, -117.2, 2024-07-19 23:53:00, 0.6, OC, PDT, FUL
bc, N51228, 49.923, -117.536, 2024-07-19 23:31:00, 0.6, OC, PDT, MOD
nt, ZF034-24, 63.038, -113.327, 2024-07-19 22:03:00, 5, OC, MDT, MON
nt, SS051-24, 60.257, -118.31, 2024-07-19 22:17:00, 10, OC, MDT, MON
nt, FS010-24, 62.567, -123.3, 2024-06-27 00:00:00, 30200, OC, MDT, MON
bc, G90997, 59.154, -122.072, 2024-07-16 22:25:00, 0, BH, PDT, FUL
qc, 273, 52.714, -66.396, 2024-07-08 17:07:00, 905.3, OC, EDT, MON
bc, G90999, 59.145, -122.062, 2024-07-16 22:26:00, 0, BH, PDT, FUL
bc, G31250, 53.166, -119.684, 2024-07-20 01:57:00, 0, OC, PDT, FUL
bc, G31252, 53.188, -119.67, 2024-07-20 02:00:00, 0, OC, PDT, MOD
bc, G11253, 53.946, -120.741, 2024-07-20 02:07:00, 0, OC, PDT, FUL
yt, 2024DA039, 64.954, -140.006, 2024-07-19 23:01:00, 60, OC, MST, MON
yt, 2024DA038, 64.889, -140.71, 2024-07-19 22:21:00, 150, OC, MST, MON
ab, PWF-077-2024, 57.919, -117.503, 2024-07-18 00:29:00, 0.1, UC, MDT, FUL
sk, 24LX-CLAWR04, 55.309, -109.088, 2024-07-17 00:55:34, 0.5, OC, CST, MON
sk, 24BN-WOLF, 56.156, -108.461, 2024-07-13 20:15:25, 17556, OC, CST, MOD
mb, NO046, 57.362, -98.708, 2024-07-18 05:00:00, 1, OC, CDT, MON
mb, NO047, 57.365, -98.828, 2024-07-18 05:00:00, 1, OC, CDT, MON
ab, SWF-096-2024, 56.852, -115.309, 2024-07-11 21:09:00, 73.2, UC, MDT, FUL
bc, G91106, 59.389, -123.73, 2024-07-18 20:46:00, 0, OC, PDT, MOD
bc, N51107, 50.387, -117.837, 2024-07-18 21:11:00, 0, OC, PDT, FUL
yt, 2024DA037, 63.284, -138.6, 2024-07-18 21:50:00, 49, OC, MST, MON
ab, MWF-084-2024, 56.119, -111.296, 2024-07-16 21:47:00, 1.3, UC, MDT, FUL
bc, G11110, 54.282, -121.093, 2024-07-18 21:40:00, 0.6, OC, PDT, FUL
ab, LWF-155-2024, 55.695, -110.658, 2024-07-17 00:11:00, 0.2, OC, MDT, FUL
yt, 2024MA021, 63.744, -135.955, 2024-06-29 23:44:00, 668, UC, MST, FUL
mb, NO042, 57.086, -100.414, 2024-07-18 05:00:00, 10, OC, CDT, MON
mb, NO034, 55.998, -97.468, 2024-07-16 05:00:00, 4, UC, CDT, FUL
sk, 24DN-CLAWR01, 54.962, -109.895, 2024-07-13 19:54:11, 6, OC, CST, MON
bc, G31245, 53.332, -119.73, 2024-07-19 22:48:00, 50, OC, PDT, MOD
sk, 24DB-WILSON, 54.776, -102.013, 2024-07-11 01:25:41, 330, UC, CST, MOD
qc, 281, 51.65, -63.915, 2024-07-08 18:28:00, 1024.7, OC, EDT, MON
qc, 313, 52.075, -63.413, 2024-07-09 00:13:00, 10.5, OC, EDT, MON
qc, 357, 52.103, -62.326, 2024-07-09 20:35:00, 7, OC, EDT, MON
qc, 293, 52.138, -63.559, 2024-07-08 18:28:00, 2, OC, EDT, MON
sk, 24LF-COBB, 54.629, -104.717, 2024-07-18 20:15:15, 5, UC, CST, FUL
nt, ZF033-24, 63.77, -103.555, 2024-07-18 20:13:00, 2, OC, MDT, MON
nt, ZF032-24, 63.701, -103.703, 2024-07-18 20:11:00, 179, OC, MDT, MON
nt, ZF031-24, 63.248, -103.173, 2024-07-18 20:09:00, 36, OC, MDT, MON
nt, ZF030-24, 64.42, -114.909, 2024-07-18 13:55:00, 80, OC, MDT, MON
nt, ZF029-24, 63.89, -115.521, 2024-07-18 13:52:00, 75, OC, MDT, MON
nt, ZF026-24, 63.182, -118.126, 2024-07-17 13:45:00, 5700, OC, MDT, MON
nt, ZF021-24, 63.043, -109.809, 2024-07-01 22:45:00, 6200, OC, MDT, MON
nt, SS052-24, 61.25, -112.897, 2024-07-20 00:50:00, 6, OC, MDT, FUL
conus, Larch Creek - OR95S, 45.3644, -121.245, 2024-07-09 16:32:00, 7405.83, 81% contained, GMT
bc, G90992, 58.184, -124.524, 2024-07-16 18:18:00, 250, OC, PDT, MOD
qc, 366, 50.732, -74.203, 2024-07-17 17:00:00, 0, OC, EDT, MOD
mb, NO049, 56.931, -92.283, 2024-07-19 05:00:00, 187.7, OC, CDT, MON
ab, WWF-043-2024, 54.501, -116.199, 2024-07-16 16:28:00, 8.5, UC, MDT, FUL
mb, NO054, 56.326, -93.918, 2024-07-19 05:00:00, 10, OC, CDT, MON
sk, 24LA-CUMINES, 57.787, -102.099, 2024-07-05 17:12:09, 580.1, OC, CST, MOD
conus, Deadman - MTMTS, 45.2203, -106.623, 2024-07-12 07:00:00, 19369.9, 0% contained, GMT
bc, C11208, 53.252, -121.948, 2024-07-19 21:36:00, 0, UC, PDT, FUL
mb, NO053, 56.258, -93.917, 2024-07-19 05:00:00, 1.5, OC, CDT, MON
sk, 24LX-KEELEY, 54.977, -107.966, 2024-07-10 22:42:03, 77.5, OC, CST, FUL
on, NIP_FIRE_017, 52.139, -87.153, 2024-07-10 20:24:00, 40, OC, GMT, MON
nt, ZF035-24, 62.45, -114.4, 2024-07-19 20:15:00, 0, OC, MDT, FUL
nt, SS042-24, 60.967, -113.65, 2024-07-16 01:54:00, 3, UC, MDT, FUL
bc, N41242, 51.31, -118.36, 2024-07-20 00:59:00, 0.6, OC, PDT, FUL
qc, 266, 52.456, -67.128, 2024-07-08 19:00:00, 1498.3, OC, EDT, MON
ab, HWF-081-2024, 59.051, -115.096, 2024-07-02 19:50:00, 48190, OC, MDT, FUL
ab, GWF-045-2024, 54.4, -117.611, 2024-07-20 16:11:00, 0, UC, MDT, FUL
ab, HWF-144-2024, 57.599, -115.582, 2024-07-20 19:54:00, 0, BH, MDT, FUL
sk, 24LA-HANS, 56.601, -104.482, 2024-07-20 21:35:40, 35, OC, CST, MOD
pc, 2024WB25, 59.686, -112.442, 2024-07-20 01:48:22, 0.2, UC, MDT, FUL
sk, 24LA-HEPBURN, 55.881, -105.026, 2024-07-06 21:28:16, 307, OC, CST, MOD
bc, K41143, 51.075, -118.867, 2024-07-19 01:12:00, 0.5, BH, PDT, FUL
ab, GWF-053-2024, 54.995, -118.705, 2024-07-20 21:43:00, 0, UC, MDT, FUL
bc, R51312, 53.557, -127.976, 2024-07-21 01:53:00, 0, OC, PDT, FUL
sk, 24BN-FROG, 56.186, -108.227, 2024-07-20 17:42:26, 0.1, OC, CST, MOD
ab, PWF-080-2024, 57.576, -117.027, 2024-07-18 22:40:00, 0, UC, MDT, FUL
bc, N71089, 50.202, -116.918, 2024-07-18 18:42:00, 0.8, UC, PDT, FUL
bc, N71141, 50.341, -116.981, 2024-07-19 00:51:00, 0.1, BH, PDT, FUL
qc, 339, 51.922, -70.499, 2024-07-08 20:15:00, 0, OC, EDT, MON
bc, G11032, 53.546, -120.934, 2024-07-18 00:54:00, 0, OC, PDT, FUL
bc, G91033, 59.727, -124.181, 2024-07-18 00:56:00, 0, OC, PDT, FUL
bc, G11035, 53.521, -120.93, 2024-07-18 01:13:00, 0, OC, PDT, MOD
bc, G11036, 53.525, -120.908, 2024-07-18 01:15:00, 0, OC, PDT, FUL
yt, 2024MA012, 63.911, -135.851, 2024-06-27 00:18:00, 4155.2, OC, MST, MOD
bc, G31043, 53.391, -120.461, 2024-07-18 02:02:00, 10.5, OC, PDT, FUL
ab, LWF-151-2024, 55.052, -110.785, 2024-07-16 23:51:00, 13, UC, MDT, FUL
bc, K21172, 52.208, -120.125, 2024-07-19 17:17:00, 0.5, OC, PDT, MON
bc, K21173, 52.178, -120.101, 2024-07-19 17:28:00, 0.5, OC, PDT, MON
qc, 312, 53.257, -68.829, 2024-07-08 20:44:00, 1657.8, OC, EDT, MON
bc, G41180, 53.181, -124.596, 2024-07-19 18:10:00, 2, OC, PDT, FUL
ab, EWF-075-2024, 53.26, -116.599, 2024-07-19 22:32:00, 0, UC, MDT, FUL
bc, N51129, 50.217, -117.63, 2024-07-18 23:39:00, 31, OC, PDT, FUL
bc, N51103, 49.938, -117.424, 2024-07-18 19:40:00, 823, OC, PDT, FUL
sk, 24LX-CLAWR03, 55.25, -109.154, 2024-07-16 20:28:46, 1, OC, CST, MON
sk, 24DB-MCGAFFIN, 55.703, -102.378, 2024-07-15 22:11:47, 130, OC, CST, MOD
sk, 24LA-MERKLEY, 56.135, -103.346, 2024-07-10 16:37:30, 148, OC, CST, MOD
bc, N51152, 50.502, -117.648, 2024-07-19 02:32:00, 14, OC, PDT, FUL
mb, NO057, 56.98, -101.669, 2024-07-20 05:00:00, 10, OC, CDT, MOD
mb, NO064, 54.769, -95.408, 2024-07-20 05:00:00, 0.1, OC, CDT, MON
bc, G41161, 53.17, -124.525, 2024-07-19 06:03:00, 0.2, OC, PDT, FUL
ak, Gold King Creek, 64.1947, -147.981, 2024-06-26 00:00:00, 2559.11, Staffed/Uncontained
ak, Deep, 63.775, -152.407, 2024-06-22 00:00:00, 9265.14, Unstaffed/Uncontaine
bc, N51210, 49.889, -117.365, 2024-07-19 22:11:00, 534, OC, PDT, FUL
ab, HWF-083-2024, 59.171, -114.934, 2024-07-02 20:07:00, 32840, OC, MDT, FUL
bc, G90324, 59.314, -121.989, 2024-05-15 01:59:00, 43886, OC, PDT, MOD
bc, K41289, 51.324, -118.709, 2024-07-20 21:23:00, 0.3, OC, PDT, FUL
bc, K41290, 51.327, -118.704, 2024-07-20 21:26:00, 0, OC, PDT, FUL
bc, C11265, 53.046, -123.527, 2024-07-20 03:30:00, 0, UC, PDT, FUL
ab, GWF-049-2024, 54.246, -118.202, 2024-07-20 17:08:00, 0, UC, MDT, FUL
ab, GWF-047-2024, 55.056, -118.581, 2024-07-20 16:26:00, 0, BH, MDT, FUL
conus, Pincer Two - WAMSF, 48.4667, -121.134, 2024-07-18 20:09:00, 4.05, 0% contained, GMT
bc, N71054, 49.449, -117.353, 2024-07-18 03:53:00, 1.5, UC, PDT, FUL
bc, N51120, 50.117, -117.651, 2024-07-18 23:01:00, 41, OC, PDT, FUL
nt, FS035-24, 63.991, -122.204, 2024-07-19 00:29:00, 0, OC, MDT, FUL
nt, FS032-24, 62.336, -123.221, 2024-07-17 21:32:00, 2, OC, MDT, MOD
bc, V11297, 49.098, -121.616, 2024-07-20 22:22:00, 0.1, UC, PDT, FUL
sk, 24DB-DUMP, 55.202, -102.916, 2024-04-27 01:45:39, 0.1, OC, CST, MOD
bc, N51324, 50.718, -117.652, 2024-07-21 21:49:00, 2.1, OC, PDT, FUL
bc, N51325, 50.44, -117.744, 2024-07-21 21:50:00, 0.3, OC, PDT, FUL
bc, N41288, 50.59, -118.054, 2024-07-20 21:22:00, 94, OC, PDT, MOD
nt, SS053-24, 61.274, -112.81, 2024-07-20 01:10:00, 1, OC, MDT, FUL
nt, SS050-24, 61.123, -109.53, 2024-07-17 22:33:00, 911, OC, MDT, MON
nt, SS047-24, 61, -110.556, 2024-07-17 19:51:00, 574, OC, MDT, MON
nt, SS046-24, 61.029, -111.309, 2024-07-17 19:30:00, 240, OC, MDT, MON
nt, SS044-24, 61.106, -111.788, 2024-07-17 15:01:00, 354, OC, MDT, MON
ab, PWF-081-2024, 57.386, -117.116, 2024-07-18 22:55:00, 0.5, BH, MDT, FUL
ab, SWF-093-2024, 57.313, -115.036, 2024-07-11 20:34:00, 2421, OC, MDT, FUL
bc, G41183, 53.18, -124.544, 2024-07-19 18:33:00, 0.7, BH, PDT, FUL
bc, G41227, 53.39, -124.69, 2024-07-19 23:30:00, 674, OC, PDT, FUL
conus, Miners Complexs - WAMSF, 48.2, -121.033, 2024-07-17 22:39:00, 202.5, 0% contained, GMT
ab, LWF-127-2024, 55.646, -112.81, 2024-07-13 21:52:00, 43, BH, MDT, FUL
ab, MWF-082-2024, 56.591, -112.247, 2024-07-16 21:03:00, 19, BH, MDT, FUL
bc, N71101, 50.214, -116.985, 2024-07-18 19:37:00, 51, OC, PDT, FUL
bc, N51127, 50.696, -117.596, 2024-07-18 23:27:00, 80, OC, PDT, FUL
bc, N51131, 50.629, -117.586, 2024-07-18 23:50:00, 11, OC, PDT, FUL
bc, N51132, 50.621, -117.545, 2024-07-18 23:53:00, 15, OC, PDT, FUL
bc, C31340, 52.259, -121.164, 2024-07-22 02:08:00, 0, OC, PDT, FUL
bc, N71088, 50.207, -116.906, 2024-07-18 18:40:00, 3, OC, PDT, FUL
bc, N51223, 50.023, -117.703, 2024-07-19 23:14:00, 23, OC, PDT, MOD
nt, SS055-24, 61.792, -110.503, 2024-07-21 23:57:00, 10, OC, MDT, MON
conus, Lane 1 - OR77S, 43.6614, -122.784, 2024-07-17 18:15:10, 311.04, 10% contained, GMT
bc, N51229, 49.737, -117.413, 2024-07-19 23:35:00, 130, OC, PDT, FUL
sk, 24LF-WAPA, 54.583, -104.995, 2024-07-18 21:00:42, 40, OC, CST, FUL
sk, 24LF-WEKKA, 54.601, -104.994, 2024-07-19 20:29:10, 60, OC, CST, FUL
ab, EWF-082-2024, 52.839, -116.743, 2024-07-21 23:00:00, 0, UC, MDT, FUL
ab, WWF-044-2024, 54.362, -116.485, 2024-07-16 23:46:00, 1.1, UC, MDT, FUL
ab, EWF-074-2024, 53.811, -117.016, 2024-07-19 00:30:00, 8.6, UC, MDT, FUL
ab, PWF-067-2024, 56.372, -116.804, 2024-07-13 23:05:00, 1, UC, MDT, FUL
bc, G30984, 53.408, -120.511, 2024-07-16 02:51:00, 0, UC, PDT, FUL
ab, HWF-141-2024, 59.019, -114.695, 2024-07-18 21:28:00, 2038, OC, MDT, FUL
bc, K41186, 50.372, -118.383, 2024-07-19 19:14:00, 0, BH, PDT, FUL
bc, N71311, 50.26, -116.82, 2024-07-21 01:48:00, 0.3, OC, PDT, FUL
bc, G31266, 52.487, -119.493, 2024-07-20 03:39:00, 5, OC, PDT, MOD
bc, R11206, 53.774, -126.177, 2024-07-19 21:22:00, 0.1, UC, PDT, MON
bc, G41190, 53.24, -124.563, 2024-07-19 19:45:00, 0, OC, PDT, FUL
bc, C11189, 53.281, -124.25, 2024-07-19 19:39:00, 0.4, UC, PDT, FUL
ab, GWF-051-2024, 55.055, -118.565, 2024-07-20 19:43:00, 0, UC, MDT, FUL
ab, RWF-058-2024, 52.858, -116.034, 2024-07-21 21:07:00, 0.1, UC, MDT, FUL
bc, K21329, 52.272, -120.119, 2024-07-21 23:55:00, 136, OC, PDT, FUL
bc, N71175, 49.267, -116.975, 2024-07-19 17:52:00, 0.6, OC, PDT, FUL
bc, C11153, 52.967, -121.15, 2024-07-19 02:56:00, 3, OC, PDT, FUL
bc, K41062, 51.132, -118.928, 2024-07-18 05:54:00, 3.5, OC, PDT, FUL
bc, K21077, 52.278, -120.349, 2024-07-18 06:19:00, 27, OC, PDT, MON
sk, 24BR-PAGAN, 54.341, -108.098, 2024-07-18 19:17:56, 3, OC, CST, FUL
bc, G61339, 56.745, -125.238, 2024-07-22 02:10:00, 4, OC, PDT, FUL
nt, SS041-24, 60.96, -109.897, 2024-07-15 23:16:00, 393, OC, MDT, MON
nt, SS038-24, 61.044, -110.821, 2024-07-15 21:21:00, 3871, OC, MDT, MON
nt, SS035-24, 61.519, -110.122, 2024-07-10 20:45:00, 11717, OC, MDT, MON
nt, SS034-24, 61.458, -110.275, 2024-07-10 20:45:00, 89, OC, MDT, MON
nt, SS033-24, 61.149, -109.592, 2024-07-11 15:28:00, 365, OC, MDT, MON
nt, SS029-24, 61.13, -111.036, 2024-07-10 23:30:00, 6321, OC, MDT, MON
nt, SS026-24, 60.806, -110.53, 2024-07-02 19:24:00, 95, OC, MDT, MON
nt, FS034-24, 60.369, -123.122, 2024-07-18 18:15:00, 0.5, UC, MDT, FUL
nt, FS033-24, 60.576, -120.389, 2024-07-16 22:15:00, 1543, OC, MDT, MON
nt, FS028-24, 62.404, -120.087, 2024-07-02 14:22:00, 10723, OC, MDT, MON
nt, FS011-24, 63.707, -122.125, 2024-06-29 15:48:00, 1421, OC, MDT, MON
nt, ZF036-24, 62.461, -114.377, 2024-07-20 22:14:00, 0.1, OC, MDT, FUL
nt, SS056-24, 60.722, -118.302, 2024-07-22 02:34:00, 20, OC, MDT, MON
nt, SS054-24, 61.283, -113.017, 2024-07-20 03:35:00, 0.1, OC, MDT, FUL
bc, N21314, 50.716, -115.795, 2024-07-21 02:08:00, 0, OC, PDT, FUL
qc, 309, 51.667, -71.635, 2024-07-08 21:16:00, 0, OC, EDT, MON
qc, 282, 51.471, -63.429, 2024-07-08 20:54:00, 39.3, OC, EDT, MON
bc, G31046, 53.409, -120.513, 2024-07-18 02:43:00, 0.2, UC, PDT, FUL
mb, WE034, 55.773, -100.839, 2024-07-20 05:00:00, 3.6, UC, CDT, FUL
mb, WE039, 54.583, -101.693, 2024-07-21 05:00:00, 0.2, UC, CDT, MOD
sk, 24BN-WETIKOO, 56.701, -107.969, 2024-07-09 21:18:03, 550, OC, CST, MOD
bc, N40826, 51.846, -118.387, 2024-07-10 22:01:00, 326, OC, PDT, MOD
bc, N11234, 49.231, -115.41, 2024-07-20 00:02:00, 3.3, BH, PDT, FUL
bc, N71098, 50.287, -116.885, 2024-07-18 19:33:00, 35, OC, PDT, FUL
bc, N51123, 50.651, -117.369, 2024-07-18 23:12:00, 0.1, OC, PDT, FUL
ab, MWF-074-2024, 57.309, -112.57, 2024-07-11 01:00:00, 186, OC, MDT, FUL
ab, MWF-060-2024, 57.147, -112.922, 2024-07-05 21:47:00, 20219, OC, MDT, FUL
ab, MWF-078-2024, 56.938, -113.025, 2024-07-11 19:48:00, 2592, OC, MDT, FUL
bc, G61356, 55.996, -123.762, 2024-07-22 15:03:00, 7, OC, PDT, MOD
bc, K41362, 50.977, -119.196, 2024-07-22 14:42:00, 0, UC, PDT, FUL
conus, Pyramid - ORWIF, 44.4914, -122.159, 2024-07-17 16:26:00, 216.675, 0% contained, GMT
ak, Ettrain, 65.4395, -141.136, 2024-07-03 00:00:00, 67.5, Unstaffed/Uncontaine
ak, National, 65.9417, -147.559, 2024-06-30 00:00:00, 3995.98, Unstaffed/Uncontaine
ak, Pingo, 65.53, -141.161, 2024-06-30 00:00:00, 27.48, Unstaffed/Uncontaine
ak, Van Hatten, 65.4909, -142.318, 2024-06-19 00:00:00, 8134.33, Unstaffed/Uncontaine
ak, Owl, 66.15, -142.17, 2024-06-08 00:00:00, 6460.19, Unstaffed/Uncontaine
ab, HWF-030-2024, 59.083, -118.871, 2024-06-20 19:18:00, 3221.5, BH, MDT, FUL
bc, N21320, 49.91, -115.42, 2024-07-21 19:10:00, 2.1, OC, PDT, FUL
ab, LWF-153-2024, 55.064, -110.866, 2024-07-16 23:57:00, 0.1, BH, MDT, FUL
ab, LWF-148-2024, 55.135, -111.026, 2024-07-16 23:07:00, 0.1, BH, MDT, FUL
ab, LWF-149-2024, 55.101, -111.119, 2024-07-16 23:23:00, 0.2, BH, MDT, FUL
bc, N51125, 50.667, -117.378, 2024-07-18 23:18:00, 0, OC, PDT, FUL
bc, N51130, 50.797, -117.635, 2024-07-18 23:47:00, 287, OC, PDT, FUL
bc, N71306, 50.376, -117.029, 2024-07-21 00:52:00, 0, UC, PDT, FUL
bc, K41111, 50.326, -118.349, 2024-07-18 21:48:00, 24, OC, PDT, FUL
bc, G31262, 52.54, -119.065, 2024-07-20 02:50:00, 50, OC, PDT, MOD
sk, 24LF-WILLIAMS, 53.861, -104.35, 2024-07-07 01:23:36, 64, UC, CST, FUL
mb, NO031, 56.792, -94.599, 2024-07-12 05:00:00, 48, OC, CDT, MOD
ab, LWF-167-2024, 54.802, -111.557, 2024-07-18 00:03:00, 0.5, UC, MDT, FUL
yt, 2024MA017, 63.159, -134.365, 2024-06-28 04:35:00, 360, OC, MST, NOR
bc, N41086, 50.613, -118.061, 2024-07-18 18:33:00, 50, OC, PDT, FUL
bc, N51091, 50.302, -117.82, 2024-07-18 18:59:00, 0, UC, PDT, FUL
bc, N41256, 50.507, -118.028, 2024-07-20 02:25:00, 4, OC, PDT, FUL
mb, NO063, 56.86, -100.411, 2024-07-20 05:00:00, 0.1, UC, CDT, FUL
mb, NO062, 55.089, -97.994, 2024-07-20 05:00:00, 1, UC, CDT, FUL
mb, NO066, 54.594, -94.27, 2024-07-21 05:00:00, 1, OC, CDT, FUL
mb, WE037, 55.71, -99.912, 2024-07-20 05:00:00, 600, OC, CDT, MON
mb, WE038, 55.773, -99.929, 2024-07-20 05:00:00, 40, OC, CDT, MON
ab, EWF-084-2024, 53.755, -117.098, 2024-07-22 00:39:00, 1.1, UC, MDT, FUL
bc, C11348, 53.288, -121.152, 2024-07-22 06:36:00, 0, OC, PDT, FUL
ab, EWF-061-2024, 53.435, -115.328, 2024-07-10 21:06:00, 74.1, UC, MDT, FUL
ab, MWF-081-2024, 58.931, -110.62, 2024-07-15 16:27:00, 779.8, BH, MDT, FUL
bc, N41397, 51.71, -116.683, 2024-07-22 21:55:00, 11, OC, PDT, FUL
nt, ZF041-24, 64.39, -119.373, 2024-07-22 15:35:00, 96, OC, MDT, MON
nt, ZF040-24, 64.256, -115.231, 2024-07-22 15:29:00, 20, OC, MDT, MON
nt, ZF039-24, 64.269, -115.815, 2024-07-22 15:22:00, 25, OC, MDT, MON
nt, ZF038-24, 64.466, -116.227, 2024-07-19 15:41:00, 226, OC, MDT, MON
nt, ZF037-24, 63.717, -118.985, 2024-07-19 15:39:00, 78, OC, MDT, MON
nt, SS049-24, 60.421, -117.363, 2024-07-17 21:46:00, 940, OC, MDT, MON
nt, SS027-24, 61.376, -107.668, 2024-07-09 16:55:00, 2380, OC, MDT, MON
ab, LWF-121-2024, 55.014, -113.453, 2024-07-11 17:45:00, 0.7, UC, MDT, FUL
qc, 335, 49.649, -67.775, 2024-07-12 22:00:00, 501.3, UC, EDT, FUL
on, RED_FIRE_005, 52.628, -94.159, 2024-07-20 21:41:00, 6.4, UC, GMT, FUL
bc, G91104, 59.611, -123.639, 2024-07-18 19:36:00, 1.5, OC, PDT, FUL
bc, G31333, 52.515, -119.084, 2024-07-22 00:48:00, 0, OC, PDT, FUL
bc, N71147, 50.39, -117.036, 2024-07-19 01:51:00, 1.9, UC, PDT, FUL
bc, N71192, 50.339, -116.97, 2024-07-19 20:05:00, 1.1, UC, PDT, FUL
ab, PWF-074-2024, 57.617, -117.859, 2024-07-16 23:43:00, 3154, OC, MDT, FUL
ab, HWF-136-2024, 58.745, -114.204, 2024-07-16 21:20:00, 4763, OC, MDT, FUL
bc, K70910, 50.492, -121.368, 2024-07-13 04:42:00, 19941.6, OC, PDT, FUL
bc, K41367, 50.832, -119.103, 2024-07-22 15:14:00, 0, OC, PDT, FUL
ab, GWF-058-2024, 55.782, -119.682, 2024-07-22 01:12:00, 0.9, BH, MDT, FUL
sk, 24SR-RUMP, 58.358, -106.415, 2024-07-03 17:30:43, 10695, OC, CST, MOD
sk, 24WY-THUNDER, 54.591, -106.548, 2024-07-17 20:58:17, 37, UC, CST, FUL
ab, EWF-072-2024, 53.888, -117.118, 2024-07-17 22:15:00, 12.6, UC, MDT, FUL
ab, GWF-059-2024, 55.737, -119.4, 2024-07-22 02:58:00, 0, UC, MDT, FUL
on, SAU_FIRE_007, 46.308, -82.808, 2024-07-21 21:35:00, 0.5, UC, GMT, FUL
bc, G90741, 59.285, -127.923, 2024-07-08 16:52:00, 166, OC, PDT, MOD
bc, R11201, 53.385, -126.024, 2024-07-19 20:54:00, 10000, OC, PDT, MON
conus, Horse Gulch - MTHLF, 46.688, -111.697, 2024-07-09 17:53:00, 6142.63, 95% contained, GMT
conus, Salt Creek - OR710S, 42.4775, -122.603, 2024-07-07 20:08:00, 1661.31, 100% contained, GMT
ab, EWF-076-2024, 53.183, -117.735, 2024-07-19 22:32:00, 1, OC, MDT, FUL
ab, HWF-072-2024, 59.143, -119.868, 2024-07-02 16:01:00, 18170, OC, MDT, FUL
ab, HWF-091-2024, 59.656, -119.619, 2024-07-03 22:37:00, 3452, BH, MDT, FUL
sk, 24BR-DORE, 54.777, -107.076, 2024-07-16 16:23:55, 4.2, OC, CST, FUL
yt, 2024MA015, 63.727, -136.359, 2024-06-27 03:36:00, 200, UC, MST, MON
bc, C21415, 52.164, -122.13, 2024-07-23 01:48:00, 0, OC, PDT, FUL
bc, C21419, 52.101, -122.316, 2024-07-23 02:16:00, 0, OC, PDT, FUL
bc, C21420, 52.176, -122.147, 2024-07-23 02:22:00, 0, OC, PDT, FUL
bc, K21374, 51.515, -119.703, 2024-07-22 18:49:00, 0, OC, PDT, FUL
bc, N21295, 50.007, -115.743, 2024-07-20 21:57:00, 37, OC, PDT, FUL
bc, N41405, 51.185, -116.738, 2024-07-23 00:24:00, 0.3, OC, PDT, FUL
nt, VQ005-24, 65.34, -125.068, 2024-07-14 22:30:00, 12177, OC, MDT, MON
ab, HWF-047-2024, 58.892, -117.005, 2024-06-27 20:10:00, 1707, OC, MDT, FUL
bc, N41259, 51.64, -116.727, 2024-07-20 02:27:00, 266, OC, PDT, MOD
bc, C41439, 51.73, -121.396, 2024-07-23 04:50:00, 0, OC, PDT, FUL
ab, HWF-065-2024, 59.568, -119.283, 2024-07-02 01:56:00, 36067, BH, MDT, FUL
bc, K41368, 51.134, -118.942, 2024-07-22 17:35:00, 0, UC, PDT, FUL
bc, K41371, 50.669, -118.443, 2024-07-22 17:44:00, 0, OC, PDT, FUL
bc, N51122, 50.189, -117.649, 2024-07-18 23:08:00, 13, OC, PDT, FUL
bc, C41399, 51.617, -120.958, 2024-07-22 22:21:00, 0, UC, PDT, FUL
bc, N11416, 49.781, -115.815, 2024-07-23 02:00:00, 0, UC, PDT, FUL
sk, 24LX-KIRBY, 56.432, -107.447, 2024-07-10 17:46:34, 1380, OC, CST, MOD
mb, NO052, 56.491, -94.484, 2024-07-19 05:00:00, 6.1, UC, CDT, FUL
mb, NO056, 56.614, -94.055, 2024-07-19 05:00:00, 1.5, UC, CDT, FUL
mb, NO065, 55.378, -98.524, 2024-07-20 05:00:00, 1, UC, CDT, FUL
mb, NO038, 56.179, -97.237, 2024-07-17 05:00:00, 2971, OC, CDT, MOD
mb, NO048, 57.266, -101.577, 2024-07-18 05:00:00, 411.4, OC, CDT, MON
ab, MWF-063-2024, 59.264, -110.173, 2024-07-08 17:53:00, 11476, BH, MDT, FUL
pc, 2024PA4, 54.307, -106.499, 2024-07-23 02:12:43, 0.1, BH, CDT, FUL
yt, 2024MA022, 63.999, -135.637, 2024-07-01 00:51:00, 1.5, UC, MST, MON
ab, SWF-095-2024, 57.307, -114.655, 2024-07-11 20:48:00, 2400, OC, MDT, FUL
sk, 24LX-ALSTEAD, 55.682, -107.159, 2024-07-09 21:34:11, 8230, OC, CST, FUL
sk, 24LX-BELLA, 55.273, -107.306, 2024-07-04 16:32:45, 17044, OC, CST, FUL
sk, 24BN-BEKETTY, 56.147, -108.125, 2024-07-04 18:31:48, 1754, OC, CST, MOD
sk, 24BN-CROW, 55.398, -109.549, 2024-07-14 01:33:42, 260, OC, CST, MOD
sk, 24BN-DUCK, 56.408, -108.398, 2024-07-12 22:08:54, 0.5, OC, CST, MOD
sk, 24BN-COW, 57.074, -109.015, 2024-07-17 14:18:22, 1500, OC, CST, MOD
bc, G51174, 54.596, -125.204, 2024-07-19 16:26:00, 5.3, BH, PDT, FUL
bc, G11330, 53.37, -121.035, 2024-07-21 23:17:00, 15, OC, PDT, FUL
bc, K21386, 51.738, -119.449, 2024-07-22 20:02:00, 0, OC, PDT, FUL
bc, K21387, 51.749, -119.466, 2024-07-22 20:18:00, 0, OC, PDT, FUL
bc, K21390, 51.744, -119.466, 2024-07-22 20:23:00, 0, OC, PDT, FUL
bc, N51094, 50.418, -117.942, 2024-07-18 19:03:00, 2.9, BH, PDT, FUL
mb, NO058, 55.681, -99.394, 2024-07-20 05:00:00, 14.2, OC, CDT, FUL
nt, SS022-24, 60.274, -117.109, 2024-07-01 17:54:00, 1440, OC, MDT, FUL
nt, SS009-24, 60, -117, 2024-05-24 16:08:00, 17570, OC, MDT, FUL
bc, G90228, 58.794, -121.627, 2024-05-06 04:54:00, 492640, OC, PDT, MOD
conus, Speirs - UTASF, 40.8778, -109.437, 2024-07-13 16:33:00, 289.575, 48% contained, GMT
conus, Blacktail Canyon - MTBDF, 45.8853, -112.428, 2024-07-19 18:37:00, 30.78, 0% contained, GMT
mb, NO061, 55.808, -99.718, 2024-07-20 05:00:00, 228, OC, CDT, MON
sk, 24LA-ALYSSA, 55.752, -105.374, 2024-07-15 01:22:07, 63, OC, CST, MOD
sk, 24LA-HENRY, 55.228, -105.759, 2024-07-13 21:40:38, 10, OC, CST, FUL
ab, EWF-077-2024, 53.261, -116.6, 2024-07-20 21:10:00, 0, UC, MDT, FUL
pc, 2024YO1, 51.499, -116.695, 2024-07-22 18:03:06, 2, OC, MDT, MOD
ab, HWF-061-2024, 58.84, -114.678, 2024-07-01 17:09:00, 96274, OC, MDT, FUL
bc, N71213, 50.578, -117.383, 2024-07-19 22:35:00, 0.7, BH, PDT, FUL
ab, LWF-171-2024, 55.421, -110.784, 2024-07-22 17:33:00, 60, OC, MDT, FUL
qc, 354, 53.164, -68.494, 2024-07-08 16:52:00, 63.2, OC, EDT, MON
bc, K21360, 52.386, -120.279, 2024-07-22 15:25:00, 20, OC, PDT, FUL
ab, EWF-078-2024, 53.11, -116.546, 2024-07-20 22:40:00, 0.6, BH, MDT, FUL
bc, N11212, 49.897, -115.944, 2024-07-19 22:34:00, 29.3, OC, PDT, FUL
bc, N71218, 50.582, -117.39, 2024-07-19 22:49:00, 20, OC, PDT, FUL
bc, K21375, 51.521, -119.701, 2024-07-22 18:54:00, 0.1, OC, PDT, FUL
bc, G31191, 53.132, -119.719, 2024-07-19 19:46:00, 120, OC, PDT, FUL
bc, G31220, 53.245, -119.977, 2024-07-19 23:05:00, 500, OC, PDT, FUL
bc, K21093, 50.982, -120.525, 2024-07-18 19:02:00, 12, BH, PDT, FUL
bc, C11343, 53.275, -123.183, 2024-07-22 03:33:00, 1.4, UC, PDT, FUL
bc, C41391, 52.024, -120.491, 2024-07-22 20:41:00, 60, OC, PDT, FUL
sk, 24LX-TIPPO, 55.156, -106.888, 2024-07-09 20:21:39, 10065.7, OC, CST, FUL
sk, 24LX-LORIMER, 55.098, -106.933, 2024-07-22 16:22:07, 50, OC, CST, FUL
bc, C41350, 51.979, -120.51, 2024-07-22 12:33:00, 70, OC, PDT, FUL
sk, 24LA-PARK, 56.871, -103.004, 2024-07-19 20:48:52, 10, OC, CST, MOD
sk, 24LA-CRESWELL, 56.545, -103.218, 2024-07-20 19:53:09, 10, OC, CST, MOD
ab, SWF-129-2024, 57.308, -115.749, 2024-07-18 22:04:00, 6400, OC, MDT, FUL
ab, SWF-130-2024, 57.349, -115.656, 2024-07-18 21:51:00, 1633, OC, MDT, FUL
bc, G51268, 55.2, -126.06, 2024-07-20 03:59:00, 575, OC, PDT, MOD
bc, G71377, 55.883, -122.615, 2024-07-22 18:59:00, 2.1, OC, PDT, MOD
bc, G61381, 56.286, -123.793, 2024-07-22 19:06:00, 15, OC, PDT, MOD
bc, K70934, 50.244, -121.643, 2024-07-14 02:48:00, 4.1, UC, PDT, FUL
bc, K61067, 49.087, -120.533, 2024-07-18 16:22:00, 911, OC, PDT, FUL
ab, LWF-166-2024, 55.079, -113.022, 2024-07-17 22:39:00, 5, UC, MDT, FUL
ab, SWF-124-2024, 55.573, -114.172, 2024-07-16 22:21:00, 7196, OC, MDT, FUL
ab, SWF-120-2024, 57.09, -113.988, 2024-07-14 21:27:00, 12625, OC, MDT, FUL
sk, 24LA-COLIN, 55.81, -104.186, 2024-07-21 21:52:11, 5, OC, CST, MOD
conus, Durkee - ORVAD, 44.5478, -117.477, 2024-07-17 13:30:00, 96898.3, 0% contained, GMT
conus, Lone Rock - ORPRD, 45.1721, -119.962, 2024-07-13 20:24:00, 53219.8, 40% contained, GMT
conus, Telephone - ORMAF, 43.7578, -118.862, 2024-07-22 16:19:00, 2025, 0% contained, GMT
conus, Falls - ORMAF, 43.8531, -119.427, 2024-07-10 11:55:00, 56500.3, 40% contained, GMT
conus, Shelly  - CAKNF, 41.49, -123.225, 2024-07-03 23:20:00, 6268.19, 55% contained, GMT
conus, Butler Creek - MTMTS, 46.9715, -114.043, 2024-07-22 05:30:00, 124.335, 15% contained, GMT
conus, Red - ORDEF, 43.5061, -122.052, 2024-07-17 16:30:00, 106.11, 0% contained, GMT
bc, N40835, 52.039, -117.943, 2024-07-10 22:52:00, 771, OC, PDT, MOD
bc, N40871, 52.05, -117.382, 2024-07-11 23:59:00, 865, OC, PDT, FUL
bc, G11247, 54.081, -120.779, 2024-07-20 01:42:00, 0, OC, PDT, FUL
bc, N51114, 50.378, -118.141, 2024-07-18 22:24:00, 0.2, OC, PDT, FUL
bc, N21207, 50.387, -115.999, 2024-07-19 21:14:00, 0.2, BH, PDT, FUL
ab, LWF-169-2024, 55.813, -111.55, 2024-07-21 20:34:00, 217, OC, MDT, FUL
ab, EWF-087-2024, 53.616, -117.096, 2024-07-23 00:20:00, 0, UC, MDT, FUL
ab, EWF-085-2024, 53.257, -115.696, 2024-07-22 17:56:00, 0.3, UC, MDT, FUL
bc, N21255, 49.917, -115.929, 2024-07-20 02:17:00, 3, OC, PDT, FUL
bc, N61379, 49.489, -119.075, 2024-07-22 19:03:00, 0.1, UC, PDT, FUL
mb, WE033, 55.712, -100.818, 2024-07-20 05:00:00, 80, OC, CDT, FUL
mb, WE032, 55.656, -100.804, 2024-07-20 05:00:00, 450, OC, CDT, FUL
bc, G80286, 58.116, -120.377, 2024-05-12 01:39:00, 11155.6, UC, PDT, MOD
mb, WE031, 54.979, -99.857, 2024-07-19 05:00:00, 118.6, BH, CDT, FUL
ab, GWF-057-2024, 54.576, -117.508, 2024-07-22 01:06:00, 6.9, BH, MDT, FUL
bc, N61409, 49.511, -119.096, 2024-07-23 00:42:00, 0.6, UC, PDT, FUL
ak, Dome, 64.3562, -141.414, 2024-07-22 00:00:00, 0.81, Unstaffed/Uncontaine
ak, Ladue River, 63.3023, -141.07, 2024-07-22 00:00:00, 60.7, Unstaffed/Uncontaine
ak, Sinnott, 64.8438, -141.292, 2024-07-21 00:00:00, 291.37, Unstaffed/Uncontaine
ak, South, 65.9712, -157.247, 2024-06-23 00:00:00, 2396.38, Unstaffed/Uncontaine
ak, Naluk, 66.7988, -160.01, 2024-06-20 00:00:00, 9468.98, Unstaffed/Uncontaine
mb, NO020, 56.651, -101.612, 2024-07-03 05:00:00, 624.7, UC, CDT, FUL
mb, NO022, 57.211, -93.29, 2024-07-06 05:00:00, 220.6, OC, CDT, MON
mb, NO050, 57.567, -94.073, 2024-07-19 05:00:00, 248.1, OC, CDT, MON
mb, NO051, 57.592, -94.134, 2024-07-19 05:00:00, 161.1, OC, CDT, MON
conus, Easy - WAOWF, 48.5836, -120.783, 2024-07-17 23:55:00, 143.37, 0% contained, GMT
conus, Pioneer - WASES, 48.1825, -120.531, 2024-06-08 16:48:00, 12420.1, 14% contained, GMT
bc, G31269, 53.089, -119.828, 2024-07-20 04:14:00, 164, OC, PDT, FUL
bc, G31492, 53.142, -119.746, 2024-07-23 19:22:00, 0, OC, PDT, FUL
bc, K41505, 51.55, -118.92, 2024-07-23 19:59:00, 0.6, OC, PDT, FUL
conus, Black Canyon - WASES, 46.8355, -120.702, 2024-07-22 23:21:00, 2632.5, 0% contained, GMT
conus, Whiskey Canyon  - NVBLD, 40.4906, -117.007, 2024-07-22 20:18:00, 504.63, 20% contained, GMT
conus, Boneyard - OR95S, 44.9642, -119.479, 2024-07-17 19:42:00, 16056.6, 2% contained, GMT
ak, Main, 64.5697, -155.734, 2024-06-23 00:00:00, 11362.2, Staffed/Uncontained
bc, G31359, 53.017, -119.795, 2024-07-22 15:13:00, 14, OC, PDT, MOD
bc, K21441, 51.44, -119.442, 2024-07-23 05:11:00, 0.1, UC, PDT, FUL
bc, K41502, 51.469, -118.855, 2024-07-23 19:56:00, 0, OC, PDT, FUL
ab, LWF-152-2024, 55.712, -110.721, 2024-07-17 00:00:00, 464.8, OC, MDT, FUL
bc, G31480, 52.747, -119.571, 2024-07-23 17:10:00, 0.2, OC, PDT, MOD
bc, C41528, 51.306, -121.293, 2024-07-23 21:41:00, 1.1, OC, PDT, FUL
sk, 24LX-PRIMEAU, 55.87, -107.149, 2024-07-18 20:50:19, 200, OC, CST, FUL
nt, SS028-24, 60.965, -110.245, 2024-07-10 23:30:00, 1775, OC, MDT, MOD
pc, 2024WB1, 59.487, -112.137, 2024-03-25 18:36:50, 1, UC, MDT, MON
on, SLK_FIRE_012, 52.968, -90.773, 2024-07-22 16:12:00, 10, OC, GMT, MON
bc, G61293, 55.499, -124.848, 2024-07-20 20:53:00, 0.5, UC, PDT, FUL
bc, G11366, 55.075, -122.465, 2024-07-22 16:25:00, 0.2, BH, PDT, FUL
bc, N51124, 50.6, -117.42, 2024-07-18 23:13:00, 5.2, BH, PDT, FUL
sk, 24LF-MID, 53.884, -104.358, 2024-07-20 21:23:26, 25, UC, CST, FUL
bc, G31209, 52.717, -119.381, 2024-07-19 22:08:00, 1, BH, PDT, FUL
ab, LWF-147-2024, 55.14, -111.205, 2024-07-16 22:55:00, 6569, OC, MDT, FUL
bc, N61383, 49.482, -119.135, 2024-07-22 19:16:00, 0, OC, PDT, FUL
ab, HWF-115-2024, 58.086, -117.904, 2024-07-09 20:25:00, 15, BH, MDT, FUL
pc, 2024WB16, 60.038, -113.467, 2024-06-24 21:16:20, 10, UC, MDT, FUL
pc, 2024WB12, 58.522, -112.388, 2024-05-25 00:50:31, 1782, BH, MDT, FUL
pc, 2024WB10, 58.175, -113.976, 2024-05-12 00:54:44, 200, OC, MDT, MON
bc, G61385, 56.733, -123.805, 2024-07-22 19:29:00, 8, OC, PDT, FUL
bc, N21014, 49.844, -115.386, 2024-07-17 17:16:00, 3700, OC, PDT, MOD
ab, LWF-165-2024, 55.577, -112.127, 2024-07-17 21:49:00, 1750, OC, MDT, FUL
ab, LWF-156-2024, 55.711, -110.441, 2024-07-17 00:25:00, 37.7, OC, MDT, FUL
ab, LWF-136-2024, 56.002, -110.94, 2024-07-14 20:00:00, 765.1, OC, MDT, FUL
bc, N51090, 50.419, -118.033, 2024-07-18 18:55:00, 82, OC, PDT, FUL
ab, LWF-126-2024, 56.221, -110.427, 2024-07-12 17:06:00, 18, BH, MDT, FUL
ab, LWF-123-2024, 56.247, -110.223, 2024-07-12 01:53:00, 531.1, OC, MDT, FUL
bc, K21458, 50.836, -120.622, 2024-07-23 15:32:00, 0, OC, PDT, FUL
mb, NO060, 55.829, -99.66, 2024-07-20 05:00:00, 2, OC, CDT, MON
mb, NO040, 56.953, -99.035, 2024-07-17 05:00:00, 258, OC, CDT, MOD
mb, NO059, 55.824, -99.72, 2024-07-20 05:00:00, 150, OC, CDT, MOD
mb, NO067, 53.888, -94.705, 2024-07-22 05:00:00, 0.1, UC, CDT, FUL
mb, NO068, 57.158, -100.268, 2024-07-22 05:00:00, 1, OC, CDT, MOD
bc, C11463, 52.864, -121.69, 2024-07-23 16:29:00, 0, OC, PDT, FUL
ab, PWF-076-2024, 56.707, -118.974, 2024-07-17 22:52:00, 9183.3, OC, MDT, FUL
ab, EWF-080-2024, 53.478, -118.873, 2024-07-21 17:45:00, 70.1, OC, MDT, FUL
bc, G61013, 58.184, -125.523, 2024-07-17 16:38:00, 1000, OC, PDT, MOD
on, RED_FIRE_006, 52.547, -94.157, 2024-07-20 21:51:00, 2.9, UC, GMT, FUL
sk, 24LF-EVER, 53.813, -104.635, 2024-07-19 01:34:39, 2, UC, CST, FUL
sk, 24DB-ARM, 54.944, -103.141, 2024-07-17 21:34:30, 2100, OC, CST, MOD
sk, 24WY-JOHNSON, 54.337, -105.8, 2024-07-10 18:58:51, 19.1, UC, CST, FUL
bc, G31382, 53.474, -119.81, 2024-07-22 19:11:00, 350, OC, PDT, FUL
bc, K41280, 51.306, -118.686, 2024-07-20 03:50:00, 2, BH, PDT, FUL
mb, EA038, 51.529, -96.395, 2024-07-21 05:00:00, 0.7, UC, CDT, FUL
bc, K41109, 50.38, -118.39, 2024-07-18 21:29:00, 1501, OC, PDT, FUL
bc, K21485, 51.429, -119.273, 2024-07-23 18:50:00, 0, OC, PDT, FUL
bc, C31478, 52.611, -121.428, 2024-07-23 18:28:00, 82, OC, PDT, FUL
ab, LWF-173-2024, 55.184, -110.65, 2024-07-23 20:06:00, 6, OC, MDT, FUL
ab, EWF-081-2024, 53.261, -116.601, 2024-07-21 22:20:00, 9.2, BH, MDT, FUL
sk, 24LX-HUNTLEY, 57.32, -106.186, 2024-07-14 20:29:04, 4000, OC, CST, MOD
ab, HWF-147-2024, 58.661, -118.56, 2024-07-23 20:06:00, 0.9, OC, MDT, FUL
ab, GWF-063-2024, 55.442, -119.688, 2024-07-23 20:05:00, 0.3, BH, MDT, FUL
bc, N71299, 50.321, -116.898, 2024-07-20 23:27:00, 10, OC, PDT, FUL
bc, N21427, 51.095, -116.776, 2024-07-23 03:21:00, 133, OC, PDT, FUL
ab, HWF-139-2024, 58.613, -119.173, 2024-07-17 22:41:00, 0.4, BH, MDT, FUL
bc, C41446, 51.381, -121.79, 2024-07-23 06:12:00, 0, OC, PDT, FUL
bc, K21490, 51.457, -119.199, 2024-07-23 19:15:00, 10, OC, PDT, FUL
bc, N51096, 50.281, -117.792, 2024-07-18 19:24:00, 0, UC, PDT, FUL
bc, N51117, 49.741, -117.53, 2024-07-18 22:49:00, 210, OC, PDT, FUL
bc, R11204, 53.592, -126.285, 2024-07-19 21:16:00, 8000, OC, PDT, MON
bc, R11239, 53.542, -126.127, 2024-07-20 00:28:00, 185, OC, PDT, FUL
sk, 24BR-RIVER, 53.831, -107.877, 2024-07-13 20:27:44, 2.8, OC, CST, FUL
ab, SWF-128-2024, 55.236, -115.669, 2024-07-18 19:40:00, 0.1, BH, MDT, FUL
ab, SWF-126-2024, 54.859, -115.524, 2024-07-18 00:45:00, 0.2, BH, MDT, FUL
ab, MWF-047-2024, 57.374, -110.786, 2024-07-03 00:48:00, 104619, OC, MDT, FUL
ab, PWF-082-2024, 57.469, -117.26, 2024-07-18 23:29:00, 0.2, BH, MDT, FUL
ab, MWF-077-2024, 57.014, -110.901, 2024-07-11 17:51:00, 17962, OC, MDT, FUL
ab, LWF-157-2024, 55.965, -112.503, 2024-07-17 00:24:00, 307, OC, MDT, FUL
bc, K21511, 51.67, -120.155, 2024-07-23 20:44:00, 0, OC, PDT, FUL
bc, K41508, 51.195, -119.089, 2024-07-23 20:34:00, 0, OC, PDT, FUL
bc, C11303, 52.988, -121.407, 2024-07-21 00:01:00, 14283, OC, PDT, FUL
bc, N51137, 50.431, -118.013, 2024-07-19 00:24:00, 0.3, OC, PDT, FUL
bc, N41506, 51.712, -118.612, 2024-07-23 17:47:00, 0, OC, PDT, FUL
bc, C30788, 52.638, -121.326, 2024-07-10 15:44:00, 1555, OC, PDT, MOD
ab, MWF-079-2024, 57.149, -110.083, 2024-07-11 23:28:00, 32, BH, MDT, FUL
pc, 2024NA2, 61.399, -126.028, 2024-07-07 00:32:40, 5905, OC, MDT, MON
bc, K21534, 51.367, -120.087, 2024-07-23 22:25:00, 4.1, OC, PDT, FUL
bc, N71099, 50.295, -116.916, 2024-07-18 19:34:00, 35, OC, PDT, FUL
bc, N71105, 50.265, -116.786, 2024-07-18 19:50:00, 303, OC, PDT, FUL
bc, N21398, 50.394, -115.893, 2024-07-22 22:14:00, 2.1, BH, PDT, FUL
bc, C11479, 52.85, -121.884, 2024-07-23 18:24:00, 0, BH, PDT, FUL
sk, 24LX-LEAVITT, 57.328, -106.851, 2024-07-09 20:50:43, 11726, OC, CST, MOD
ab, HWF-145-2024, 59.061, -119.072, 2024-07-20 20:49:00, 26.7, OC, MDT, FUL
ab, MWF-086-2024, 56.467, -112, 2024-07-16 21:55:00, 2251, OC, MDT, FUL
ab, MWF-069-2024, 56.301, -112.125, 2024-07-10 23:13:00, 17183, OC, MDT, FUL
sk, 24LX-PARKER, 55.373, -108.418, 2024-07-09 16:55:52, 178, UC, CST, FUL
bc, K41454, 50.868, -119.526, 2024-07-23 10:21:00, 1, OC, PDT, FUL
bc, K21455, 50.552, -120.615, 2024-07-23 12:45:00, 0.3, OC, PDT, FUL
bc, K41468, 51.187, -118.884, 2024-07-23 17:03:00, 0.1, OC, PDT, FUL
bc, N71531, 50.168, -116.968, 2024-07-23 22:02:00, 0, OC, PDT, FUL
bc, N41532, 52.041, -118.31, 2024-07-23 22:03:00, 0.6, OC, PDT, FUL
bc, N41533, 52.076, -118.415, 2024-07-23 22:16:00, 0, OC, PDT, FUL
bc, N41535, 52.119, -118.334, 2024-07-23 22:25:00, 0, OC, PDT, FUL
bc, C31408, 52.68, -121.05, 2024-07-23 00:35:00, 0, OC, PDT, FUL
bc, G61430, 55.497, -124.837, 2024-07-23 03:31:00, 3, OC, PDT, FUL
bc, G31537, 52.069, -119.271, 2024-07-23 22:33:00, 0, OC, PDT, FUL
bc, K21354, 51.42, -120.108, 2024-07-22 14:12:00, 350, OC, PDT, FUL
ab, EWF-088-2024, 53.389, -115.286, 2024-07-23 20:16:00, 0.5, OC, MDT, FUL
bc, K51472, 49.516, -119.212, 2024-07-23 16:53:00, 6, OC, PDT, FUL
bc, K21495, 50.853, -120.574, 2024-07-23 19:24:00, 0.1, OC, PDT, FUL
bc, K21536, 51.347, -120.26, 2024-07-23 22:31:00, 0.1, OC, PDT, FUL
bc, K21540, 51.29, -120.274, 2024-07-23 22:50:00, 0.1, OC, PDT, FUL
bc, N41541, 52.002, -118.216, 2024-07-23 22:56:00, 0, OC, PDT, FUL
sk, 24BN-BURBOT, 55.666, -109.156, 2024-07-13 21:40:44, 2211, OC, CST, FUL
sk, 24BN-MULE, 55.684, -108.881, 2024-07-12 20:34:27, 2224, OC, CST, FUL
sk, 24DB-DUNN, 55.837, -102.395, 2024-07-15 22:31:03, 1400, OC, CST, MOD
bc, K21520, 51.378, -119.496, 2024-07-23 21:06:00, 3, OC, PDT, FUL
bc, C31473, 52.452, -121.507, 2024-07-23 18:00:00, 0, BH, PDT, FUL
bc, C11476, 52.908, -121.532, 2024-07-23 18:25:00, 4, OC, PDT, FUL
bc, C11482, 52.921, -121.531, 2024-07-23 18:44:00, 30, OC, PDT, FUL
bc, C11484, 52.932, -121.543, 2024-07-23 18:45:00, 15, OC, PDT, FUL
bc, C21493, 52.027, -122.19, 2024-07-23 19:21:00, 0, UC, PDT, FUL
bc, C11509, 52.515, -122.429, 2024-07-23 20:35:00, 0, UC, PDT, FUL
ab, HWF-146-2024, 59.041, -119.054, 2024-07-22 22:20:00, 35, OC, MDT, FUL
sk, 24SR-RYCK, 59.808, -106.368, 2024-07-02 21:12:28, 2061, OC, CST, MOD
sk, 24LA-KYLE, 55.657, -105.338, 2024-07-07 23:55:40, 4645, OC, CST, MOD
sk, 24SR-WABBA, 59.497, -108.465, 2024-07-12 15:22:13, 1377, OC, CST, MOD
sk, 24LA-SANDFLY, 55.686, -106.082, 2024-07-21 22:45:01, 84, OC, CST, MOD
sk, 24LA-CROOKED, 55.487, -105.288, 2024-07-23 21:17:08, 1, OC, CST, MOD
qc, 373, 47.519, -72.754, 2024-07-23 20:00:00, 0.1, BH, EDT, FUL
sk, 24LA-HOWITSON, 55.548, -104.293, 2024-07-23 21:12:50, 1, OC, CST, MOD
ab, SWF-134-2024, 55.592, -116.653, 2024-07-23 19:30:00, 0.1, OC, MDT, FUL
bc, C41434, 51.56, -120.571, 2024-07-23 04:10:00, 0.3, UC, PDT, FUL
bc, C11464, 52.864, -121.69, 2024-07-23 16:31:00, 1, OC, PDT, FUL
ab, MWF-080-2024, 56.399, -110.189, 2024-07-13 22:29:00, 3570, BH, MDT, FUL
sk, 24LX-BROAD, 54.801, -108.16, 2024-07-23 23:32:09, 0.5, OC, CST, FUL
sk, 24LA-PETER, 57.214, -103.737, 2024-07-11 17:09:44, 3, OC, CST, MOD
sk, 24BN-BISON, 55.437, -109.171, 2024-07-13 23:57:36, 0.3, OC, CST, MOD
bc, G30983, 53.427, -120.553, 2024-07-16 02:49:00, 28.4, OC, PDT, FUL
bc, G90994, 59.072, -122.343, 2024-07-16 20:57:00, 216.8, OC, PDT, FUL
bc, C31547, 52.664, -120.363, 2024-07-24 00:04:00, 0, OC, PDT, FUL
sk, 24BN-MALLARD, 55.37, -109.579, 2024-07-14 01:18:33, 10, OC, CST, MOD
nt, SS025-24, 61.703, -108.808, 2024-07-01 22:30:00, 10980, OC, MDT, MON
conus, Texas - IDIDS, 46.6337, -116.592, 2024-07-15 20:00:00, 640.71, 80% contained, GMT
conus, Miller Peak - MTLNF, 46.7311, -113.866, 2024-07-14 20:20:00, 1056.65, 25% contained, GMT
bc, N71049, 49.473, -117.374, 2024-07-18 03:10:00, 12, UC, PDT, FUL
bc, C11233, 52.916, -124.352, 2024-07-19 23:59:00, 995, OC, PDT, FUL
qc, 340, 52.966, -67.28, 2024-07-13 11:00:00, 11835.6, OC, EDT, MON
pc, 2024WB22, 58.242, -112.987, 2024-07-08 19:34:40, 7184, OC, MDT, MON
sk, 24DB-FLANAGAN, 55.641, -102.559, 2024-07-09 22:54:30, 6150, OC, CST, MOD
ab, RWF-061-2024, 52.521, -116.24, 2024-07-23 00:40:00, 0, BH, MDT, FUL
ab, RWF-060-2024, 52.523, -116.241, 2024-07-23 00:40:00, 0, BH, MDT, FUL
nb, 64582, 45.652, -65.325, 2024-07-22 18:19:21, 0.1, BH, ADT, FUL
ab, LWF-164-2024, 55.73, -110.945, 2024-07-17 20:30:00, 1054.4, OC, MDT, FUL
bc, N51069, 49.717, -117.441, 2024-07-18 17:05:00, 200, OC, PDT, FUL
qc, 372, 49.974, -67.408, 2024-07-18 19:48:00, 2, BH, EDT, FUL
ab, LWF-154-2024, 54.945, -110.95, 2024-07-17 00:06:00, 1290, OC, MDT, FUL
ab, GWF-062-2024, 54.518, -117.383, 2024-07-23 00:36:00, 2, UC, MDT, FUL
mb, NO055, 54.192, -94.41, 2024-07-19 05:00:00, 657, OC, CDT, MOD
pc, 2024JA10, 52.697, -117.907, 2024-07-22 20:56:43, 250, OC, MDT, FUL
pc, 2024JA9, 52.647, -117.868, 2024-07-22 20:38:23, 150, OC, MDT, FUL
pc, 2024JA11, 52.709, -117.892, 2024-07-22 20:59:34, 50, OC, MDT, FUL
bc, V31395, 50.188, -122.468, 2024-07-22 21:31:00, 3.5, BH, PDT, FUL
bc, G41160, 53.231, -124.62, 2024-07-19 06:23:00, 1250, OC, PDT, MOD
bc, K21513, 51.621, -120.006, 2024-07-23 20:49:00, 0, OC, PDT, FUL
bc, K21521, 50.862, -120.41, 2024-07-23 21:16:00, 0, OC, PDT, FUL
bc, K21523, 51.399, -119.482, 2024-07-23 21:20:00, 0, OC, PDT, FUL
bc, N71144, 50.354, -117.005, 2024-07-19 01:25:00, 48, OC, PDT, FUL
bc, N51345, 49.774, -117.498, 2024-07-22 04:44:00, 1.1, OC, PDT, FUL
bc, N41515, 51.346, -118.566, 2024-07-23 20:52:00, 0, OC, PDT, MOD
bc, K41526, 51.152, -119.026, 2024-07-23 21:26:00, 0, OC, PDT, FUL
bc, N41517, 51.92, -118.424, 2024-07-23 20:54:00, 3.8, OC, PDT, MOD
bc, N41525, 51.569, -118.654, 2024-07-23 21:25:00, 2.1, OC, PDT, MOD
bc, C41440, 51.68, -121.467, 2024-07-23 04:49:00, 20, OC, PDT, FUL
bc, C41445, 51.651, -121.356, 2024-07-23 06:12:00, 0, BH, PDT, FUL
sk, 24WY-WELL, 54.885, -106.026, 2024-07-06 16:38:48, 2379, OC, CST, FUL
bc, K21392, 52.019, -119.369, 2024-07-22 20:52:00, 0.6, OC, PDT, FUL
sk, 24LX-OLSVIK, 56.302, -107.607, 2024-07-15 15:09:02, 6747, OC, CST, MOD
sk, 24LX-DOT, 56.333, -107.067, 2024-07-18 14:01:55, 900, OC, CST, MOD
bc, G41261, 53.111, -125.24, 2024-07-20 01:07:00, 5000, OC, PDT, MOD
bc, K41070, 50.786, -118.884, 2024-07-18 17:10:00, 260, OC, PDT, FUL
ab, EWF-083-2024, 53.736, -117.471, 2024-07-22 00:28:00, 0.6, BH, MDT, FUL
bc, C31182, 52.636, -120.339, 2024-07-19 18:30:00, 1382, OC, PDT, FUL
bc, C11483, 52.919, -121.534, 2024-07-23 18:45:00, 10, OC, PDT, FUL
ab, RWF-062-2024, 52.477, -116.521, 2024-07-23 20:57:00, 500, OC, MDT, FUL
sk, 24DB-JONES, 55.301, -102.061, 2024-07-22 17:41:42, 2.7, UC, CST, MOD
ab, GWF-066-2024, 55.765, -119.634, 2024-07-24 01:01:00, 0, BH, MDT, FUL
ab, HWF-142-2024, 57.632, -117.021, 2024-07-18 22:39:00, 1.9, UC, MDT, FUL
sk, 24BN-SPEAR, 56.567, -107.957, 2024-07-14 23:34:21, 3402, OC, CST, MOD
ab, RWF-063-2024, 52.45, -116.82, 2024-07-23 21:22:00, 500, OC, MDT, FUL
bc, G41302, 53.268, -124.297, 2024-07-20 23:59:00, 1, UC, PDT, FUL
bc, G71355, 55.155, -121.519, 2024-07-22 13:50:00, 116.6, OC, PDT, MOD
bc, G31553, 52.077, -119.283, 2024-07-24 00:47:00, 0, OC, PDT, FUL
bc, K41403, 51.022, -119.302, 2024-07-22 23:17:00, 1.7, OC, PDT, FUL
bc, K21551, 51.97, -119.101, 2024-07-24 00:37:00, 0, OC, PDT, MOD
bc, K21552, 51.719, -119.063, 2024-07-24 00:40:00, 20, OC, PDT, FUL
bc, K21556, 51.965, -119.536, 2024-07-24 01:01:00, 0.6, OC, PDT, FUL
bc, N41079, 50.635, -117.959, 2024-07-18 17:55:00, 250, OC, PDT, FUL
sk, 24BN-LATE, 56.673, -108.748, 2024-07-11 01:44:18, 6266, OC, CST, MOD
bc, K21555, 51.964, -119.537, 2024-07-24 00:59:00, 2.1, OC, PDT, FUL
sk, 24LX-WHITEFISH, 54.848, -108.282, 2024-07-17 22:08:32, 0.3, UC, CST, FUL
ab, EWF-086-2024, 53.364, -115.324, 2024-07-22 21:05:00, 1, BH, MDT, FUL
bc, V61401, 48.474, -123.718, 2024-07-22 22:47:00, 50, OC, PDT, FUL
bc, N41550, 51.806, -117.824, 2024-07-24 00:35:00, 0.3, OC, PDT, MOD
bc, C41496, 51.631, -121.389, 2024-07-23 19:31:00, 0, BH, PDT, FUL
bc, C41510, 51.01, -121.005, 2024-07-23 20:40:00, 3, OC, PDT, FUL
bc, C41538, 51.557, -121.437, 2024-07-23 22:39:00, 0, UC, PDT, FUL
sk, 24LA-SMITH, 55.544, -106.012, 2024-07-09 17:51:01, 9819, OC, CST, FUL
sk, 24LF-NIPIK, 54.693, -104.987, 2024-07-18 17:37:51, 189, OC, CST, FUL
sk, 24LA-FOREST, 54.935, -105.821, 2024-07-24 01:09:46, 1, OC, CST, FUL
bc, G90207, 59.31, -123.283, 2024-05-02 19:30:00, 98423.1, OC, PDT, FUL
bc, K41498, 51.153, -119.026, 2024-07-23 19:39:00, 0, BH, PDT, FUL
bc, K41548, 51.02, -119.093, 2024-07-24 00:23:00, 0, OC, PDT, FUL
bc, K21560, 52.166, -119.705, 2024-07-24 01:56:00, 100, OC, PDT, FUL
bc, K21561, 52.179, -119.703, 2024-07-24 01:59:00, 0.5, OC, PDT, FUL
bc, K21562, 52.207, -119.735, 2024-07-24 02:01:00, 500, OC, PDT, FUL
bc, K21563, 52.361, -119.721, 2024-07-24 02:03:00, 500, OC, PDT, FUL
bc, K21564, 52.332, -119.686, 2024-07-24 02:05:00, 200, OC, PDT, FUL
bc, K21565, 52.266, -119.675, 2024-07-24 02:07:00, 0, OC, PDT, FUL
bc, K21566, 52.365, -119.579, 2024-07-24 02:08:00, 0.5, OC, PDT, FUL
bc, K21567, 52.256, -119.647, 2024-07-24 02:10:00, 0.3, OC, PDT, FUL
bc, K21569, 52.111, -119.76, 2024-07-24 02:12:00, 0, OC, PDT, FUL
bc, K21570, 52, -119.917, 2024-07-24 02:14:00, 1, OC, PDT, FUL
bc, N11396, 49.734, -116.542, 2024-07-22 21:42:00, 0.5, OC, PDT, FUL
bc, K21558, 51.274, -120.062, 2024-07-24 01:21:00, 0, OC, PDT, FUL
bc, N21284, 49.918, -115.953, 2024-07-20 19:19:00, 9, OC, PDT, FUL
bc, N71292, 50.411, -116.933, 2024-07-20 21:51:00, 23, OC, PDT, MOD
bc, N41549, 51.79, -117.835, 2024-07-24 00:33:00, 0, OC, PDT, MOD
bc, C31291, 52.182, -120.465, 2024-07-20 21:30:00, 6695, OC, PDT, MOD
yt, 2024DA005, 63.424, -140.063, 2024-06-17 21:33:00, 73, OC, MST, MON
conus, Bridge Creek  - WACOA, 48.245, -118.681, 2024-07-19 20:09:00, 971.19, 0% contained, GMT
conus, Swawilla  - WACOA, 47.9458, -118.778, 2024-07-18 03:30:00, 5116.77, 0% contained, GMT
conus, Oakridge Lightnings 2024 - ORW, 43.8872, -122.431, 2024-07-18 03:36:47, 567, 0% contained, GMT
conus, Pencil - CAMDF, 41.8017, -120.517, 2024-07-22 18:16:00, 160.38, 15% contained, GMT
conus, Cougar Creek - WASES, 46.0389, -117.318, 2024-07-16 00:30:00, 5033.75, 23% contained, GMT
conus, Hill - CASRF, 40.7722, -123.64, 2024-07-15 21:40:00, 2864.97, 10% contained, GMT
conus, Microwave Tower - OR954S, 45.6811, -121.457, 2024-07-22 19:41:00, 60.75, 0% contained, GMT
bc, G11474, 54.12, -122.993, 2024-07-23 18:07:00, 0, UC, PDT, FUL
bc, G31574, 52.723, -119.282, 2024-07-24 03:01:00, 0, OC, PDT, FUL
bc, K41489, 50.855, -118.792, 2024-07-23 19:14:00, 0.2, UC, PDT, FUL
bc, K21491, 50.838, -120.578, 2024-07-23 19:19:00, 12, OC, PDT, FUL
bc, K21568, 51.823, -119.331, 2024-07-24 01:48:00, 0, OC, PDT, FUL
sk, 24WY-GEORGE, 54.653, -105.036, 2024-07-21 22:05:20, 161, OC, CST, FUL
bc, N71058, 50.172, -116.881, 2024-07-18 14:42:00, 735, OC, PDT, FUL
bc, N61394, 49.203, -118.762, 2024-07-22 21:36:00, 11, OC, PDT, FUL
bc, C41497, 51.489, -121.279, 2024-07-23 19:33:00, 0, OC, PDT, FUL
bc, K21559, 52.06, -119.075, 2024-07-24 01:25:00, 80, OC, PDT, FUL
bc, N71176, 49.207, -116.982, 2024-07-19 17:54:00, 579, OC, PDT, FUL
ab, WWF-051-2024, 54.443, -117.481, 2024-07-24 01:20:00, 0, UC, MDT, FUL
ab, RWF-064-2024, 52.194, -116.105, 2024-07-23 21:53:00, 300, OC, MDT, FUL
ab, PWF-078-2024, 56.669, -116.232, 2024-07-18 01:14:00, 26, UC, MDT, FUL
ab, GWF-064-2024, 54.998, -118.701, 2024-07-24 00:21:00, 0, BH, MDT, FUL
ab, CWF-057-2024, 51.541, -114.971, 2024-07-23 02:30:00, 85, OC, MDT, FUL
ab, PWF-079-2024, 57.561, -117.02, 2024-07-18 20:39:00, 1, BH, MDT, FUL
bc, K21349, 51.403, -120.165, 2024-07-22 11:18:00, 2.5, BH, PDT, FUL
bc, K21436, 50.773, -121.59, 2024-07-23 04:19:00, 8.1, BH, PDT, FUL
bc, K21499, 50.77, -120.441, 2024-07-23 19:33:00, 1.5, BH, PDT, FUL
conus, Cottage Grove - Lane 1 - OR77S, 43.6614, -122.784, 2024-07-17 18:15:10, 441.45, 10% contained, GMT
conus, Homestead Complex - ORUPF, 43.395, -122.555, 2024-07-16 04:00:00, 310.635, 0% contained, GMT
conus, Ore - ORWIF, 44.2383, -122.248, 2024-07-17 14:00:00, 302.535, 0% contained, GMT
conus, Bench Lake - IDSTF, 44.1153, -114.961, 2024-07-11 16:26:00, 1050.97, 34% contained, GMT
conus, Diamond Complex  - ORUPF, 43.2842, -122.297, 2024-07-16 23:39:13, 1357.56, 3% contained, GMT
conus, Whisky Creek - ORMHF, 45.64, -121.797, 2024-07-20 15:01:00, 62.775, 0% contained, GMT
bc, N61457, 49.441, -119.199, 2024-07-23 13:04:00, 0.3, BH, PDT, FUL
bc, N41575, 51.718, -118.712, 2024-07-24 03:35:00, 0.1, OC, PDT, FUL
bc, N51579, 50.253, -117.647, 2024-07-24 04:14:00, 1, OC, PDT, FUL
bc, C41452, 51.315, -120.639, 2024-07-23 08:00:00, 20, OC, PDT, FUL
bc, C41470, 51.75, -121.225, 2024-07-23 17:41:00, 0.1, BH, PDT, FUL
bc, C41504, 51.307, -121.287, 2024-07-23 19:58:00, 3.6, OC, PDT, FUL
conus, Battle Mountain Complex - OR97, 45.2569, -118.969, 2024-07-18 02:00:00, 21397, 5% contained, GMT
bc, C41417, 51.496, -120.619, 2024-07-23 02:12:00, 0, UC, PDT, FUL
bc, C41501, 51.234, -121.285, 2024-07-23 19:48:00, 280, OC, PDT, FUL
bc, G31361, 52.081, -119.275, 2024-07-22 14:28:00, 0.5, UC, PDT, MOD
bc, G81369, 56.53, -120.009, 2024-07-22 17:42:00, 150, BH, PDT, MOD
bc, G31580, 52.959, -119.487, 2024-07-24 04:19:00, 0, UC, PDT, FUL
bc, K41370, 50.842, -119.116, 2024-07-22 17:48:00, 0.1, UC, PDT, FUL
bc, K21389, 50.893, -120.723, 2024-07-22 20:16:00, 4.4, OC, PDT, FUL
bc, K21514, 50.542, -120.591, 2024-07-23 20:52:00, 0, UC, PDT, FUL
bc, N61400, 49.284, -118.938, 2024-07-22 23:03:00, 0.1, UC, PDT, FUL
bc, C30799, 52.622, -121.29, 2024-07-10 17:33:00, 150, BH, PDT, MOD
bc, C30823, 52.667, -121.239, 2024-07-10 21:52:00, 135, BH, PDT, MOD
bc, C21338, 52.139, -122.17, 2024-07-22 01:55:00, 37, UC, PDT, FUL
conus, Cow Valley - ORVAD, 44.3567, -117.756, 2024-07-11 11:10:00, 54063.4, 91% contained, GMT
bc, N61429, 49.066, -118.873, 2024-07-23 03:28:00, 0, UC, PDT, FUL
bc, C41573, 51.766, -121.543, 2024-07-24 02:39:00, 0, OC, PDT, FUL
sk, 24LX-WENZEL, 56.463, -107.656, 2024-07-09 15:44:03, 5912, OC, CST, MOD
sk, 24LX-BRELAND, 54.964, -106.945, 2024-07-18 16:10:55, 2293, OC, CST, FUL
ab, PWF-086-2024, 56.48, -119.977, 2024-07-22 22:18:00, 70, BH, MDT, FUL
ab, GWF-065-2024, 54.654, -119.159, 2024-07-24 00:22:00, 0.2, BH, MDT, FUL
bc, G81281, 56.497, -122.962, 2024-07-20 16:59:00, 78.5, BH, PDT, MOD
ab, GWF-061-2024, 55.048, -118.518, 2024-07-23 00:00:00, 0.9, UC, MDT, FUL
bc, G91031, 58.702, -123.752, 2024-07-18 00:28:00, 291.3, BH, PDT, FUL
bc, G71462, 55.576, -121.67, 2024-07-23 03:51:00, 0, BH, PDT, FUL
bc, K21352, 51.578, -119.652, 2024-07-22 12:13:00, 0.4, UC, PDT, FUL
bc, K21353, 51.28, -120.521, 2024-07-22 14:09:00, 5.4, BH, PDT, FUL
bc, K21453, 51.164, -119.926, 2024-07-23 01:42:00, 3, OC, PDT, FUL
bc, K21524, 51.548, -119.363, 2024-07-23 21:25:00, 0.6, OC, PDT, FUL
bc, K21546, 51.413, -120.066, 2024-07-23 23:58:00, 2.1, OC, PDT, FUL
bc, C31373, 52.718, -120.441, 2024-07-22 18:08:00, 51, OC, PDT, FUL
bc, C41438, 51.322, -121.332, 2024-07-23 04:28:00, 3, BH, PDT, FUL
bc, C41469, 51.156, -120.901, 2024-07-23 17:09:00, 0.1, OC, PDT, FUL
bc, G41243, 54.293, -124.405, 2024-07-20 00:26:00, 193.9, BH, PDT, FUL
bc, G31539, 52.541, -118.856, 2024-07-23 22:42:00, 0, UC, PDT, FUL
bc, N51065, 49.889, -117.402, 2024-07-18 12:01:00, 400, OC, PDT, FUL
bc, G41159, 53.133, -124.502, 2024-07-19 05:55:00, 215.3, OC, PDT, FUL
bc, G41530, 53.901, -124.709, 2024-07-23 22:00:00, 0.3, UC, PDT, FUL
bc, K61522, 49.765, -120.779, 2024-07-23 21:06:00, 3, OC, PDT, FUL
bc, K61572, 50.238, -120.934, 2024-07-24 02:38:00, 0.6, OC, PDT, FUL
bc, N51126, 50.207, -117.651, 2024-07-18 23:22:00, 61, OC, PDT, FUL
bc, N51156, 50.69, -117.494, 2024-07-19 03:57:00, 596, OC, PDT, FUL
bc, K21577, 51.868, -120.047, 2024-07-24 02:44:00, 0.1, OC, PDT, FUL
pc, 2024JA8, 52.941, -118.04, 2024-07-22 20:35:22, 75, OC, MDT, FUL
nl, 619, 52.941, -67.333, 2024-07-08 00:00:00, 13141, UC, NDT, FUL
nl, 620, 53.399, -64.566, 2024-07-08 00:00:00, 3300, UC, NDT, FUL
nt, FS006-24, 61.247, -119.392, 2024-05-13 21:47:00, 2930, OC, MDT, MON
nt, FS004-24, 61.147, -119.376, 2024-05-10 18:20:00, 11894, OC, MDT, MOD
nt, FS002-24, 60.131, -123.837, 2024-05-04 05:26:00, 913, UC, MDT, FUL
conus, Little Yamsay - ORFWF, 43.0233, -121.442, 2024-04-20 22:00:00, 2567.7, 100% contained, GMT
conus, 2023 Ridge UNF - ORUPF, 43.395, -122.477, , 86.67, 100% contained, GMT
ak, Windfall Mountain Oil Shale, 65.0282, -141.246, 2024-05-15 00:00:00, 0, Unstaffed/Uncontaine
pc, 2024WB6, 60.215, -112.872, 2024-04-26 00:57:19, 0.1, UC, MDT, FUL
pc, 2024WB5, 60.195, -112.796, 2024-04-26 00:55:42, 0.1, UC, MDT, FUL
nt, SS004-24, 60.392, -117.896, 2024-05-05 20:45:00, 3, BH, MDT, FUL
